year,recipient_name,sector_code,usd_disbursement,usd_disbursement_deflated
2018,Jordan,720,445.523194,474.425157
2018,Lebanon,720,455.025065,488.64169
2018,West Bank and Gaza Strip,720,376.148695,391.699434
2018,Syrian Arab Republic,720,8709.888382,8616.20208599999
2018,Burundi,720,58.854173,61.957348
2018,Cameroon,720,109.40239,116.580153
2018,Democratic Republic of the Congo,720,563.856596,595.301051
2018,Rwanda,720,24.194049,26.36876
2018,Congo,720,12.342239,13.032429
2018,Tanzania,720,85.102508,90.881035
2018,Chad,720,213.453791,228.441385
2018,Eritrea,720,9.094945,9.474064
2018,Ethiopia,720,634.421332,677.410734
2018,Kenya,720,171.14059,185.556107
2018,"South of Sahara, regional",720,262.857047,274.653826
2018,South Sudan,720,772.456166,840.337490000001
2018,Uganda,720,206.906166,219.481778
2018,Angola,720,14.09735,15.126244
2018,Botswana,720,1.297473,1.351834
2018,Malawi,720,26.248866,28.903658
2018,Mozambique,720,16.014461,17.406037
2018,Zambia,720,12.52023,12.844139
2018,Zimbabwe,720,40.291355,44.976481
2018,Benin,720,0.466966,0.486024
2018,Burkina Faso,720,65.954174,68.30578
2018,Côte d'Ivoire,720,8.078287,8.683749
2018,Gambia,720,1.589313,1.656992
2018,Ghana,720,4.104958,4.274682
2018,Guinea,720,9.703185,10.339889
2018,Guinea-Bissau,720,1.54929,1.55019
2018,Liberia,720,6.829404,7.098516
2018,Mali,720,158.254985,167.997237
2018,Nigeria,720,749.858941,819.23012
2018,Senegal,720,18.160989,19.361557
2018,Sierra Leone,720,5.932777,6.136239
2018,Togo,720,1.002494,1.043408
2018,"Middle East, regional",720,158.36216,166.980526
2018,Algeria,720,24.053831,24.565546
2018,Egypt,720,35.483245,37.728199
2018,Mauritania,720,51.709341,54.123458
2018,Morocco,720,8.340192,8.406181
2018,"North of Sahara, regional",720,0.752801,0.747223
2018,Tunisia,720,4.65381,4.80269
2018,"Africa, regional",720,79.90101,79.985685
2018,"Bilateral, unspecified",720,4197.973505,4609.471606
2018,"Central Asia, regional",720,1.922344,2.000297
2018,Kyrgyzstan,720,2.179628,2.268587
2018,Tajikistan,720,5.665684,5.921009
2018,China (People's Republic of),720,4.096033,4.265241
2018,India,720,15.421062,16.195898
2018,Nepal,720,8.768252,9.472309
2018,Sri Lanka,720,4.238859,4.578776
2018,Iran,720,31.083374,31.284568
2018,Malaysia,720,7.481214,7.970107
2018,Philippines,720,28.793942,30.370764
2018,Thailand,720,25.402136,28.763509
2018,"Far East Asia, regional",720,8.087019,9.009698
2018,Armenia,720,1.2411,1.323412
2018,Azerbaijan,720,2.061387,2.116302
2018,Belarus,720,0.927341,0.948846
2018,Georgia,720,3.746013,3.990069
2018,"Europe, regional",720,9.210717,10.464258
2018,Moldova,720,0.119346,0.124287
2018,Albania,720,0.406914,0.420528
2018,Bosnia and Herzegovina,720,13.246246,13.2938
2018,Kosovo,720,2.059015,2.191677
2018,Montenegro,720,0.852776,0.889585
2018,Serbia,720,7.67112,7.765282
2018,North Macedonia,720,4.679904,4.70553
2018,"South America, regional",720,18.762099,19.952754
2018,Brazil,720,4.826,5.106208
2018,Colombia,720,80.092148,84.801812
2018,Costa Rica,720,1.423157,1.5425
2018,Ecuador,720,20.71842,22.56246
2018,Mexico,720,6.25013,6.402456
2018,"Caribbean & Central America, regional",720,7.689168,7.874014
2018,Venezuela,720,40.223964,42.237726
2018,Dominican Republic,720,2.760846,2.966184
2018,"Asia, regional",720,165.334986,164.241185
2018,Myanmar,720,139.166984,146.656047
2018,Haiti,720,69.362596,74.618376
2018,Central African Republic,720,229.758424,242.35012
2018,Honduras,720,5.655086,6.222632
2018,Peru,720,7.156973,7.931563
2018,Madagascar,720,25.684027,28.030254
2018,Sudan,720,355.683158,381.769012
2018,Yemen,720,2970.767369,3129.579337
2018,Libya,720,77.796785,79.519526
2018,Lesotho,720,2.44148,2.708088
2018,Bangladesh,720,453.71801,477.490383
2018,Lao People's Democratic Republic,720,7.604009,7.859576
2018,Namibia,720,0.361721,0.388112
2018,Rwanda,740,1.01664,1.044466
2018,Iraq,720,929.559674,1000.799483
2018,El Salvador,720,3.990658,4.085304
2018,Pakistan,720,94.673041,102.578857
2018,Indonesia,720,52.6470000000001,54.500511
2018,Democratic People's Republic of Korea,720,25.268335,26.76971
2018,Niger,720,202.136134,219.289109
2018,Nicaragua,720,9.076398,9.247694
2018,Somalia,720,661.548557,713.337927
2018,Afghanistan,720,404.972604,431.003287
2018,Panama,720,1.77712,2.029252
2018,Kosovo,740,0.097766,0.087852
2018,Timor-Leste,720,0.056363,0.059395
2018,Ethiopia,740,14.505605,15.214891
2018,Papua New Guinea,720,16.750809,17.664298
2018,Gabon,720,0.017487,0.0182
2018,Bhutan,720,0.121577,0.12654
2018,Bolivia,720,0.313452,0.328403
2018,Uzbekistan,740,0.124459,0.127244
2018,Türkiye,720,410.105142,419.25212
2018,Ukraine,720,105.165882,109.72475
2018,Paraguay,720,0.097365,0.10059
2018,Guatemala,720,13.621547,14.838675
2018,Peru,740,2.709831,2.871228
2018,Djibouti,720,10.261704,10.508206
2018,Cambodia,720,0.107896,0.1123
2018,Nepal,740,98.625957,100.444014
2018,Pakistan,740,32.640081,32.864192
2018,Maldives,720,0.00523,0.005443
2018,"Asia, regional",740,2.169466,2.351705
2018,Comoros,720,0.03466,0.036075
2018,Malawi,740,13.907906,14.421446
2018,Haiti,740,27.58989,28.472596
2018,Costa Rica,740,1.222352,1.255478
2018,Afghanistan,740,22.633653,23.686892
2018,Zambia,740,0.337166,0.351571
2018,Jordan,740,2.003044,2.007242
2018,Egypt,740,0.29905,0.311257
2018,Democratic Republic of the Congo,740,21.435782,22.391495
2018,China (People's Republic of),740,1.503391,1.673645
2018,Thailand,740,1.562493,1.681203
2018,Guyana,740,0.717815,0.74357
2018,Benin,740,1.412544,1.470195
2018,Gambia,740,0.37839,0.393834
2018,Mali,740,4.248838,4.461541
2018,Armenia,740,0.569121,0.569838
2018,Malaysia,740,1.509462,1.61517
2018,"Bilateral, unspecified",740,181.453455,198.647368
2018,Indonesia,740,18.030675,19.974799
2018,Guinea-Bissau,740,0.18815,0.195828
2018,Bolivia,740,3.137433,3.21519
2018,Ecuador,740,1.838074,1.88973
2018,Paraguay,740,1.123468,1.250184
2018,Cabo Verde,740,0.032004,0.033311
2018,Myanmar,740,14.228956,14.120101
2018,"South Asia, regional",740,5.618233,5.861721
2018,Guatemala,740,3.306782,3.428918
2018,"America, regional",740,22.368574,23.715031
2018,Cameroon,740,2.10719,2.11393
2018,Yemen,740,4.66151,4.752903
2018,Syrian Arab Republic,740,16.636207,16.818703
2018,Somalia,740,20.684743,21.477916
2018,Uganda,740,9.372483,9.652642
2018,Venezuela,740,0.664448,0.670228
2018,Vanuatu,740,5.66525,6.138554
2018,"Far East Asia, regional",740,2.645769,2.819906
2018,Togo,740,0.372079,0.387266
2018,Lesotho,740,1.265753,1.252562
2018,Algeria,740,0.004633,0.004822
2018,India,740,87.1561560000001,90.590832
2018,"Europe, regional",740,5.326796,5.396289
2018,Bangladesh,740,131.935049,136.946336
2018,Liberia,740,0.5153,0.536333
2018,Niger,740,13.852747,14.293337
2018,Mauritius,740,1.100345,0.943049
2018,Senegal,740,2.364156,2.411265
2018,Bosnia and Herzegovina,740,4.149147,4.195159
2018,Democratic People's Republic of Korea,740,3.864197,3.954514
2018,Burundi,740,2.874949,3.025213
2018,"Caribbean & Central America, regional",740,4.776195,4.938914
2018,Sudan,740,3.597136,3.727181
2018,Nicaragua,740,5.981638,6.236286
2018,Guinea,740,1.827027,1.837071
2018,South Africa,740,3.586136,3.851624
2018,Honduras,740,9.940269,9.828864
2018,Panama,740,0.218385,0.233644
2018,Congo,740,0.02833,0.029486
2018,South Sudan,740,14.779814,15.973021
2018,Maldives,740,0.36161,0.376369
2018,Burkina Faso,740,3.769118,3.878753
2018,Timor-Leste,740,5.216723,5.722792
2018,Cambodia,740,3.029021,3.168468
2018,Papua New Guinea,740,6.583698,6.623472
2018,West Bank and Gaza Strip,740,2.733074,2.913376
2018,Madagascar,740,9.005546,8.814576
2018,Saint Vincent and the Grenadines,740,0.097942,0.11449
2018,Viet Nam,740,45.621592,46.184972
2018,Colombia,740,4.049872,4.26243
2018,"Africa, regional",740,16.72368,17.522415
2018,Sri Lanka,740,17.822147,18.523936
2018,Moldova,740,0.063346,0.065931
2018,Azerbaijan,740,0.038107,0.039662
2018,Lebanon,740,0.395011,0.414817
2018,Kazakhstan,740,0.288016,0.289896
2018,"Middle East, regional",740,4.328385,4.505044
2018,Georgia,740,0.384184,0.394207
2018,Iran,740,0.361789,0.369452
2018,Brazil,740,0.203177,0.211455
2018,Nigeria,740,16.71907,17.355053
2018,Kenya,740,23.085642,23.359069
2018,"Oceania, regional",740,3.160871,3.354293
2018,Ukraine,740,4.840721,4.880224
2018,Central African Republic,740,2.302608,2.342124
2018,Bhutan,740,1.236937,1.274044
2018,Côte d'Ivoire,740,4.904478,4.455322
2018,Iraq,740,4.804504,4.930488
2018,Serbia,740,0.95426,0.93648
2018,North Macedonia,740,0.64711,0.674657
2018,Kyrgyzstan,740,1.784336,1.782071
2018,Jamaica,740,1.250422,1.341677
2018,Ghana,740,0.355021,0.346725
2018,Dominican Republic,740,2.795932,2.891095
2018,Sierra Leone,740,2.833467,2.935886
2018,Eritrea,740,0.149931,0.156051
2018,Albania,740,3.915703,3.964502
2018,Angola,740,1.334443,1.384077
2018,Tunisia,740,3.294614,3.307813
2018,Mauritania,740,1.548143,1.55715
2018,El Salvador,740,6.297099,5.784528
2018,Comoros,740,2.814015,2.928867
2018,Botswana,740,0.917975,0.95544
2018,Libya,740,2.103424,2.183884
2018,Chad,740,3.238478,3.24537
2018,Zimbabwe,740,3.432262,3.427852
2018,Türkiye,740,118.343427,116.891606
2018,Mongolia,740,1.235771,1.371642
2018,Djibouti,740,0.230426,0.239831
2018,Tajikistan,740,4.854546,5.029609
2018,Belize,740,0.149035,0.164656
2018,Tanzania,740,0.787111,0.834439
2018,Philippines,740,14.616161,15.83189
2018,Morocco,740,0.309471,0.317031
2018,Lao People's Democratic Republic,740,3.326233,3.36033
2018,Eswatini,740,0.139918,0.145628
2018,Namibia,740,0.149064,0.155148
2018,Equatorial Guinea,740,0.023753,0.024722
2018,Nepal,730,72.124023,63.512988
2018,India,730,20.517229,21.23576
2018,Mozambique,740,6.468608,6.547574
2018,Iraq,730,249.519881,249.740495
2018,Ecuador,730,17.185177,16.685149
2018,Indonesia,730,31.602938,31.755924
2018,Syrian Arab Republic,730,143.347759,146.820548
2018,Somalia,730,62.905186,64.241415
2018,Kenya,730,2.761786,2.784187
2018,Afghanistan,730,43.341811,43.912448
2018,"Bilateral, unspecified",730,37.182534,36.933662
2018,Cuba,730,10.151147,8.760069
2018,Philippines,730,33.261387,28.981333
2018,Samoa,740,12.685648,13.186879
2018,Micronesia,730,1.810974,1.546696
2018,Thailand,730,0.150138,0.133632
2018,Myanmar,730,28.695836,27.175433
2018,Maldives,730,0,0
2018,Dominica,740,5.260052,5.37037
2018,Antigua and Barbuda,740,2.558577,2.260923
2018,Eswatini,720,4.745374,5.305197
2018,Bangladesh,730,28.62822,28.263779
2018,Suriname,740,1.901115,1.65303
2018,Saint Lucia,740,0.801559,0.795435
2018,Fiji,740,2.733505,3.006901
2018,Sri Lanka,730,1.352494,1.313783
2018,Sierra Leone,730,2.949325,3.015169
2018,Yemen,730,14.984612,15.183294
2018,Palau,740,0.58818,0.640703
2018,"Europe, regional",730,0.079936,0.081407
2018,Ukraine,730,45.012032,45.584716
2018,Libya,730,23.944068,23.901773
2018,Niger,730,0.277617,0.285388
2018,Uganda,730,2.263686,2.274072
2018,Ethiopia,730,23.548075,24.046389
2018,Burundi,730,3.917266,4.048586
2018,Lebanon,730,156.85703,157.909475
2018,"South Asia, regional",730,0.056442,0.055186
2018,Sudan,730,14.905527,15.060911
2018,"South Asia, regional",720,2.762244,2.920286
2018,Mali,730,26.211625,27.067145
2018,Mauritania,730,1.277594,1.249175
2018,"Oceania, regional",720,1.185006,1.267412
2018,South Sudan,730,21.357121,21.636531
2018,Azerbaijan,730,0.056442,0.055186
2018,"Asia, regional",730,0.063042,0.062055
2018,Colombia,730,2.884156,2.929517
2018,Central African Republic,730,16.371422,16.624855
2018,Democratic People's Republic of Korea,730,1.623271,1.630593
2018,"South of Sahara, regional",730,10.041768,10.014591
2018,West Bank and Gaza Strip,730,54.579678,55.606062
2018,"North of Sahara, regional",730,0.056442,0.055186
2018,Democratic Republic of the Congo,730,27.500237,28.432961
2018,Mozambique,730,0,0
2018,"America, regional",720,26.811587,31.094626
2018,Iran,730,0.056442,0.055186
2018,Chad,730,6.130241,6.092302
2018,Cameroon,730,0.65765,0.651394
2018,Nigeria,730,25.145801,25.761586
2018,"South America, regional",730,0.368606,0.380111
2018,"Caribbean & Central America, regional",730,0.196021,0.196904
2018,Malawi,730,1.491956,1.525981
2018,Haiti,730,20.04885,21.081164
2018,Saint Vincent and the Grenadines,730,0,0
2018,Dominica,720,6.731537,7.510387
2018,Dominica,730,0.389964,0.404188
2018,Pakistan,730,47.681585,49.871686
2018,"Caribbean, regional",720,2.790259,3.042823
2018,"Caribbean, regional",730,0.033235,0.034616
2018,Montserrat,740,0.261156,0.27201
2018,Djibouti,730,1.811803,1.88462
2018,"South & Central Asia, regional",720,2.54492,2.457456
2018,Viet Nam,720,1.40663,1.440344
2018,Solomon Islands,740,5.914454,6.406671
2018,Tonga,740,2.386669,2.559821
2018,Samoa,720,0.453471,0.47939
2018,Vanuatu,720,2.739949,2.989278
2018,Tonga,720,7.23127,7.810561
2018,Mexico,730,0.456544,0.471111
2018,Marshall Islands,720,0.001264,0.001391
2018,Fiji,720,0.759225,0.788758
2018,Viet Nam,730,0.311449,0.340985
2018,Cook Islands,740,0.299198,0.32915
2018,Solomon Islands,720,0.097057,0.106773
2018,Solomon Islands,730,0.071808,0.078948
2018,Mongolia,720,0.835084,0.88153
2018,Cuba,720,0.178652,0.203138
2018,Antigua and Barbuda,730,0.035233,0.03876
2018,"Oceania, regional",730,0.149374,0.164327
2018,Jordan,730,27.448119,27.810027
2018,Senegal,730,6.367657,6.626471
2018,"South of Sahara, regional",740,23.168083,24.391973
2018,Serbia,730,0.226471,0.227172
2018,"Middle East, regional",730,5.639577,5.728083
2018,Sao Tome and Principe,720,0.014868,0.015475
2018,Côte d'Ivoire,730,27.593552,28.719207
2018,Honduras,730,1.362504,1.418113
2018,Uzbekistan,720,0.010666,0.011103
2018,Liberia,730,4.188379,4.246382
2018,Georgia,730,17.77103,17.553768
2018,Tokelau,740,0.110716,0.115265
2018,"Africa, regional",730,8.383377,8.724155
2018,El Salvador,730,1.989907,2.071123
2018,Algeria,730,0.249953,0.260354
2018,South Africa,730,0.014042,0.014615
2018,Ghana,730,0,0
2018,Dominican Republic,730,0.098863,0.102898
2018,Armenia,730,0.029971,0.031194
2018,Uzbekistan,730,0.173957,0.181056
2018,Tuvalu,740,0.338979,0.352813
2018,Madagascar,730,18.34639,18.247558
2018,Guatemala,730,0.432274,0.443215
2018,Bosnia and Herzegovina,730,21.019188,21.529
2018,States Ex-Yugoslavia unspecified,740,0.05429,0.054712
2018,Montenegro,740,0.439326,0.434782
2018,States Ex-Yugoslavia unspecified,720,0.035407,0.035682
2018,"South America, regional",740,2.532338,2.568813
2018,Cabo Verde,720,0.271547,0.288241
2018,Timor-Leste,730,1.69452,1.763038
2018,Papua New Guinea,730,5.577029,5.804982
2018,Gabon,740,0.024202,0.025189
2018,Cuba,740,1.290059,1.277571
2018,Belarus,740,0.095045,0.092491
2018,Turkmenistan,740,0.011104,0.011557
2018,Sao Tome and Principe,740,0.353717,0.368155
2018,Kazakhstan,730,0.00112,0.001152
2018,China (People's Republic of),730,0,0
2018,Türkiye,730,18.75845,18.909099
2018,"Caribbean, regional",740,6.699639,6.939411
2018,Kosovo,730,0.166824,0.164778
2018,Grenada,740,3.30132,3.436208
2018,Argentina,720,0.010623,0.012531
2018,Kiribati,740,0.151071,0.156021
2018,South Africa,720,1.081987,1.233886
2018,Nicaragua,730,0.591735,0.614053
2018,Kazakhstan,720,0.02914,0.030329
2018,Lao People's Democratic Republic,730,1.869056,1.766416
2018,North Macedonia,730,1.150494,1.301297
2018,Albania,730,1.221638,1.212591
2018,Tunisia,730,0.050779,0.052852
2018,Lesotho,730,0.6787,0.7064
2018,Rwanda,730,0.015933,0.015558
2018,Argentina,740,0.066124,0.06647
2018,Peru,730,0.086851,0.089663
2018,"North of Sahara, regional",740,0,0
2018,Antigua and Barbuda,720,0.062918,0.062146
2018,"Central Asia, regional",740,0.459578,0.462079
2018,Tanzania,730,0.202938,0.20045
2018,Wallis and Futuna,740,0.218931,0.216246
2018,Wallis and Futuna,730,0.245863,0.242848
2018,"America, regional",730,0.4,0.416326
2018,Kyrgyzstan,730,0.078776,0.083065
2018,Vanuatu,730,14.03194,14.605294
2018,Marshall Islands,740,0.663788,0.717309
2018,Benin,730,0.017408,0.01687
2018,Saint Lucia,730,0,0
2018,Bhutan,730,0,0
2018,Burkina Faso,730,70.531545,73.410291
2018,Bolivia,730,0.506101,0.526528
2018,Comoros,730,0.244074,0.254036
2018,Cambodia,730,0.401215,0.416219
2018,"South & Central Asia, regional",740,2.007505,2.117366
2018,Samoa,730,2.075263,2.160623
2018,Tonga,730,5.265722,5.482312
2018,Fiji,730,1.997113,2.079259
2018,Mexico,740,0.018883,0.019161
2018,Zimbabwe,730,26.877766,27.035447
2018,Congo,730,0.082615,0.083065
2018,Eritrea,730,1.000689,1.006134
2018,Guinea,730,0.459584,0.478341
2018,Tajikistan,730,0.238575,0.248312
2018,Zambia,730,0.027248,0.02836
2018,Micronesia,740,1.467895,1.689268
2018,Jamaica,720,0.08441,0.097351
2018,Guyana,720,0,0
2018,Micronesia,720,9.28869,10.712727
2018,Morocco,730,0.018294,0.017728
2018,Argentina,730,0.000354,0.000343
2018,Togo,730,0.007258,0.007034
2018,Panama,730,0.00177,0.001716
2018,Mongolia,730,0.003541,0.003431
2018,Namibia,730,1.822225,1.896597
2018,Brazil,730,2.482787,2.584119
2018,Angola,730,0.961206,1.000437
2018,Nauru,740,0.008844,0.009205
2018,Jamaica,730,0.001485,0.001545
2019,Burundi,720,49.929294,54.013795
2019,Yemen,720,2422.877246,2603.768024
2019,Albania,720,6.246678,6.468691
2019,"Bilateral, unspecified",720,4027.01010600001,4475.42238000001
2019,"Central Asia, regional",720,0.110664,0.117226
2019,"Bilateral, unspecified",740,208.868634,222.505257
2019,Iran,720,42.162686,43.637914
2019,Türkiye,720,841.473876,870.062628
2019,Mozambique,720,219.494616,238.372923
2019,Burkina Faso,720,80.893229,85.425366
2019,Jordan,720,425.966276,463.276885
2019,Peru,740,6.094751,6.640201
2019,Nepal,730,62.926491,56.074046
2019,Mozambique,730,7.190455,7.881747
2019,Bolivia,720,3.070197,3.143632
2019,Philippines,740,12.354932,13.622143
2019,Afghanistan,720,405.231882999999,437.044469
2019,Ethiopia,720,772.735577,847.836828
2019,Colombia,720,172.913343,188.84255
2019,Syrian Arab Republic,720,9110.159294,9249.69261800001
2019,Azerbaijan,740,0.111923,0.118559
2019,Uganda,720,274.078793,295.372554
2019,Libya,720,79.061561,84.128495
2019,Nepal,720,6.36052,6.740652
2019,Mali,720,155.389106,166.687759
2019,Lao People's Democratic Republic,730,4.681366,4.110483
2019,Iraq,720,771.48697,833.941543
2019,Bangladesh,720,548.826476,596.460948
2019,Lebanon,720,461.417605,511.359454
2019,Albania,730,1.268246,1.333405
2019,South Sudan,720,862.051277,950.107560000001
2019,Mozambique,740,21.139449,22.350211
2019,Indonesia,720,15.461755,17.044272
2019,Sri Lanka,720,2.130811,2.282483
2019,Armenia,740,0.401141,0.424864
2019,Pakistan,740,14.641014,15.123171
2019,Venezuela,720,132.211252,141.056421
2019,Eswatini,720,1.032901,0.985218
2019,Ukraine,720,98.616071,105.605185
2019,"Asia, regional",720,49.330476,55.043497
2019,Georgia,740,0.645944,0.632579
2019,Democratic People's Republic of Korea,730,2.56131,2.713183
2019,India,730,22.508297,23.835711
2019,"Central Asia, regional",740,6.844644,7.020841
2019,"North of Sahara, regional",720,1.238355,1.321629
2019,Chad,730,1.134393,1.177224
2019,Mauritania,720,38.026444,40.417116
2019,Sudan,720,500.51388,549.214212
2019,Cameroon,720,120.056199,129.854354
2019,Zimbabwe,720,131.602563,145.069341
2019,Zambia,720,21.011429,22.257234
2019,Angola,720,16.569779,17.723055
2019,Nepal,740,111.516147,115.758398
2019,Central African Republic,720,239.637889,261.575424
2019,Democratic Republic of the Congo,720,830.252375,906.130219
2019,Niger,720,131.007804,141.816786
2019,Chad,720,176.192802,190.160762
2019,Somalia,720,773.660753,847.903587
2019,West Bank and Gaza Strip,720,389.943739,410.990213
2019,Nigeria,720,579.092883,636.722407
2019,South Sudan,730,15.780268,16.403313
2019,"South America, regional",720,16.956236,19.065587
2019,"Bilateral, unspecified",730,32.431149,26.172711
2019,Uganda,730,4.686134,4.886634
2019,Myanmar,720,176.902894,190.337931
2019,"South of Sahara, regional",730,4.629336,4.804602
2019,Iran,730,0.052091,0.054054
2019,Nigeria,730,43.747443,46.002983
2019,Tanzania,720,75.297485,81.045567
2019,Pakistan,720,67.019203,73.167747
2019,"South of Sahara, regional",720,252.077279,271.031502
2019,Cameroon,730,2.350461,2.454646
2019,West Bank and Gaza Strip,730,62.833544,67.032227
2019,Afghanistan,730,32.121566,33.565357
2019,Congo,720,22.131124,23.698517
2019,Guatemala,720,20.947374,23.234242
2019,Haiti,720,46.284116,50.221935
2019,El Salvador,730,0.74454,0.788688
2019,Democratic People's Republic of Korea,720,26.084672,28.315825
2019,Kenya,720,142.12915,152.734983
2019,"Middle East, regional",720,323.933527,332.631642
2019,"Caribbean & Central America, regional",720,22.509162,24.150862
2019,Nicaragua,720,3.022239,3.187552
2019,Central African Republic,730,15.112735,15.867365
2019,Bangladesh,730,6.780793,6.93762
2019,Philippines,720,26.521469,28.791727
2019,Azerbaijan,720,2.319732,2.447147
2019,West Bank and Gaza Strip,740,3.836382,3.997251
2019,Myanmar,730,56.528368,51.264867
2019,Malawi,720,61.501622,66.784469
2019,"South America, regional",730,1.118331,1.164171
2019,Philippines,730,0.828634,0.895356
2019,Djibouti,720,19.523523,21.118608
2019,Jordan,730,14.564026,15.021474
2019,Panama,720,4.15878,4.538373
2019,"Europe, regional",730,11.266321,11.531917
2019,Niger,730,2.68327,2.831981
2019,Somalia,730,54.330198,57.083436
2019,Somalia,740,26.72394,28.358181
2019,"Asia, regional",730,0.068619,0.071436
2019,Libya,730,7.147769,7.036194
2019,Madagascar,720,45.348649,49.46688
2019,Central African Republic,740,2.675734,2.816812
2019,Rwanda,720,33.800527,36.28833
2019,Ecuador,740,4.754819,4.458401
2019,Democratic Republic of the Congo,730,19.3303,20.4828
2019,Colombia,730,0.732344,0.769853
2019,"North of Sahara, regional",730,0.169823,0.172994
2019,"Europe, regional",720,18.696944,20.474379
2019,Pakistan,730,20.764916,21.884238
2019,Mali,730,17.049006,18.039944
2019,Djibouti,730,1.34789,1.42753
2019,Azerbaijan,730,0.052091,0.054054
2019,Ethiopia,730,5.705742,5.942882
2019,Iraq,730,166.165345,176.745176
2019,Syrian Arab Republic,730,58.193115,62.020505
2019,Lesotho,720,9.839989,10.320656
2019,Ukraine,730,23.61437,24.60384
2019,Bolivia,730,1.30024,1.377338
2019,Sierra Leone,720,6.94526,7.132303
2019,Algeria,730,0.472195,0.505723
2019,Gambia,720,3.580131,3.572113
2019,Sudan,730,8.385757,8.697
2019,Indonesia,730,1.473986,1.523549
2019,Samoa,720,2.807068,2.962964
2019,Eritrea,720,4.895039,5.064175
2019,Lebanon,730,81.041948,83.900874
2019,Algeria,720,21.484162,22.738237
2019,Peru,720,14.526137,16.205077
2019,Mauritania,740,2.845515,2.958254
2019,Burundi,730,2.957211,3.098081
2019,Senegal,720,6.234755,6.892359
2019,Fiji,720,1.439852,1.556492
2019,Moldova,740,0.611017,0.635334
2019,"South of Sahara, regional",740,12.230576,13.786664
2019,Sri Lanka,730,0.22897,0.239609
2019,"Caribbean & Central America, regional",730,0.191001,0.198198
2019,Zimbabwe,730,32.086162,33.928765
2019,Comoros,720,14.396504,15.244038
2019,Kenya,740,79.610532,84.425526
2019,Cambodia,740,1.291412,1.354738
2019,Cuba,720,2.89963,3.054027
2019,El Salvador,720,6.430682,6.821882
2019,Honduras,720,9.778295,10.41282
2019,Guatemala,740,4.234705,4.5075
2019,Ukraine,740,3.344743,3.499383
2019,Panama,740,0.23665,0.25007
2019,Sri Lanka,740,18.685182,19.812792
2019,Namibia,740,0.307909,0.328577
2019,Côte d'Ivoire,720,6.867578,7.135519
2019,Gambia,730,0.09859,0.102497
2019,Guinea-Bissau,720,3.146389,3.111648
2019,Tajikistan,740,4.194909,4.451115
2019,Burkina Faso,730,0.665784,0.674432
2019,Nicaragua,740,6.260589,6.647349
2019,Zambia,730,1.096203,0.984154
2019,Cambodia,730,0.023709,0.027562
2019,El Salvador,740,1.813859,1.895608
2019,Yemen,730,17.608699,16.718368
2019,Liberia,720,9.02267,9.565707
2019,Senegal,740,4.172544,4.413901
2019,Tajikistan,730,2.02464,2.144692
2019,Guinea,740,1.579917,1.673598
2019,Myanmar,740,6.929778,7.381545
2019,Sierra Leone,740,1.802594,1.909481
2019,Bangladesh,740,145.173065,151.934658
2019,Lesotho,730,2.56777,2.720027
2019,Guinea,720,8.98092,9.052653
2019,Egypt,740,1.611732,1.70538
2019,Nicaragua,730,0.02729,0.028908
2019,Honduras,730,0.49166,0.520813
2019,Sierra Leone,730,4.484324,4.696476
2019,Timor-Leste,740,5.940223,6.556309
2019,Côte d'Ivoire,730,15.813353,16.750689
2019,Madagascar,730,0.565114,0.598117
2019,Bhutan,740,9.112843,7.709409
2019,Ecuador,720,30.313068,33.813974
2019,Afghanistan,740,11.645598,12.814545
2019,Guinea,730,0.712056,0.734509
2019,Congo,730,0.37153,0.39356
2019,Guatemala,730,1.290588,1.36738
2019,Burundi,740,9.317953,9.895868
2019,Liberia,730,6.081304,6.312439
2019,Egypt,720,37.147237,40.324939
2019,Zimbabwe,740,1.770461,1.872594
2019,"Caribbean & Central America, regional",740,4.864311,5.51827
2019,Brazil,730,0.265554,0.277495
2019,China (People's Republic of),740,0.497944,0.533957
2019,Kyrgyzstan,740,18.024416,15.916724
2019,Colombia,740,6.964306,7.611847
2019,"Europe, regional",740,9.754453,10.226742
2019,Türkiye,730,12.610917,12.971288
2019,Indonesia,740,11.480788,12.698955
2019,Libya,740,2.267486,2.394886
2019,"South America, regional",740,4.745882,5.054724
2019,Democratic People's Republic of Korea,740,1.457886,1.536524
2019,Haiti,740,16.457073,17.477029
2019,Iraq,740,3.575012,3.76727
2019,Brazil,740,2.169054,2.254228
2019,"Eastern Africa, regional",720,46.169218,45.562892
2019,Tunisia,740,4.210983,4.372471
2019,"Western Africa, regional",720,7.138288,7.465625
2019,Morocco,740,0.374272,0.395626
2019,Jordan,740,8.230739,8.475728
2019,Kenya,730,2.948254,3.071362
2019,"Middle East, regional",730,11.000712,11.631857
2019,India,740,213.636727,226.349047
2019,"Oceania, regional",720,1.527438,1.76895
2019,Haiti,730,9.355339,9.845611
2019,Viet Nam,740,30.817045,32.556937
2019,"Middle East, regional",740,8.253007,8.671228
2019,Togo,740,1.47245,1.554053
2019,"South Asia, regional",740,7.602257,8.083821
2019,South Sudan,740,20.79194,22.60726
2019,Ethiopia,740,12.633887,13.463346
2019,Honduras,740,11.059834,11.038721
2019,"America, regional",740,22.16595,24.601156
2019,Eritrea,730,0.836616,0.8683
2019,South Africa,740,5.357578,5.754629
2019,Liberia,740,0.261668,0.277183
2019,Antigua and Barbuda,740,1.401022,1.474959
2019,Mexico,720,9.409524,10.454963
2019,"America, regional",720,81.697883,93.169087
2019,"Africa, regional",720,54.976608,59.946335
2019,Togo,720,1.299826,1.376897
2019,Lao People's Democratic Republic,720,1.889677,2.081872
2019,Benin,720,2.270216,2.29417
2019,Costa Rica,720,3.167008,3.423163
2019,Tajikistan,720,1.986953,2.115472
2019,Benin,740,1.159621,1.228382
2019,Bolivia,740,2.946555,3.063646
2019,Paraguay,720,1.275772,1.343188
2019,"Caribbean, regional",740,11.597377,12.846012
2019,Democratic Republic of the Congo,740,15.37538,16.394
2019,States Ex-Yugoslavia unspecified,720,0.062274,0.065041
2019,Côte d'Ivoire,740,1.737471,1.840496
2019,"Oceania, regional",740,10.342047,10.703871
2019,Burkina Faso,740,4.368787,4.614086
2019,Cabo Verde,740,0.115632,0.122016
2019,Saint Vincent and the Grenadines,740,9.685043,10.286634
2019,Belize,740,0.314507,0.360388
2019,"Africa, regional",740,30.022976,31.698173
2019,"Asia, regional",740,3.353421,3.742397
2019,Rwanda,740,1.514851,1.599909
2019,India,720,6.237007,6.585379
2019,Papua New Guinea,730,2.306966,2.443759
2019,Dominican Republic,740,2.276748,2.37799
2019,Madagascar,740,8.727516,9.139096
2019,Mali,740,3.508784,3.732164
2019,Kyrgyzstan,720,0.577432,0.611669
2019,Timor-Leste,720,0.088679,0.1003
2019,Morocco,720,7.43958,7.6617
2019,Dominican Republic,720,2.837294,3.001285
2019,Cambodia,720,1.345102,1.42486
2019,Bhutan,720,0.191,0.202327
2019,"Caribbean, regional",720,1.199887,1.297274
2019,Maldives,740,2.950631,2.516735
2019,Djibouti,740,1.230056,1.298255
2019,Jamaica,740,0.251983,0.287647
2019,Viet Nam,720,0.494,0.52329
2019,Tonga,720,0.323079,0.361965
2019,Dominica,740,2.240979,2.470961
2019,Micronesia,740,2.821219,3.20097
2019,Serbia,720,7.393663,7.701664
2019,Solomon Islands,740,2.126901,2.344012
2019,Türkiye,740,67.736402,71.752851
2019,Armenia,720,0.977779,1.041768
2019,Uzbekistan,740,0.6146,0.603728
2019,Papua New Guinea,720,3.54225,3.982118
2019,Ghana,720,5.553656,5.879887
2019,"Western Africa, regional",740,0.167897,0.177243
2019,"Caribbean, regional",730,0.235494,0.280036
2019,Malawi,730,1.690797,1.793796
2019,Suriname,740,0.233121,0.274176
2019,Georgia,720,2.096507,2.277506
2019,"South & Central Asia, regional",720,46.4139,46.362419
2019,Namibia,720,1.054483,1.09876
2019,Belize,720,0.33868,0.358761
2019,Mongolia,720,0.114673,0.118799
2019,Brazil,720,14.174283,14.810029
2019,"Far East Asia, regional",720,2.644494,2.795011
2019,South Africa,720,1.347912,1.525645
2019,Costa Rica,740,1.416111,1.529683
2019,Nigeria,740,43.215398,45.723077
2019,"Far East Asia, regional",740,4.349832,4.61243
2019,Thailand,740,0.764501,0.829345
2019,Uganda,740,13.123628,13.809816
2019,Grenada,740,0.002263,0.002398
2019,Yemen,740,1.866751,1.981209
2019,Guinea-Bissau,740,0.465448,0.492922
2019,Iran,740,0.453234,0.479568
2019,Sudan,740,2.073538,2.197143
2019,Papua New Guinea,740,4.226035,4.729234
2019,Lebanon,740,0.808678,0.854397
2019,Zambia,740,0.147464,0.15631
2019,Niger,740,11.613206,12.217653
2019,Angola,740,2.077748,2.13253
2019,Paraguay,740,0.497504,0.529183
2019,Gambia,740,0.029973,0.031751
2019,Malawi,740,36.214727,38.30781
2019,Botswana,740,0.683555,0.724088
2019,Guyana,740,0.489712,0.511871
2019,Lesotho,740,1.385914,1.466505
2019,Comoros,740,4.906877,5.197834
2019,Venezuela,740,0.132028,0.140226
2019,Kazakhstan,740,0.215714,0.224531
2019,Bosnia and Herzegovina,740,2.343287,2.418633
2019,Syrian Arab Republic,740,11.714475,12.348992
2019,Gabon,740,0.150976,0.159928
2019,Ghana,740,0.041792,0.04427
2019,Vanuatu,740,4.41371,4.844909
2019,Argentina,740,0.657266,0.674177
2019,Equatorial Guinea,740,0.012734,0.013429
2019,Kosovo,740,0.168146,0.16194
2019,Chad,740,1.310027,1.365722
2019,Malaysia,740,0.163965,0.173688
2019,Serbia,740,1.4583,1.508984
2019,North Macedonia,740,0.89328,0.950289
2019,Cameroon,740,3.379851,3.523098
2019,Sao Tome and Principe,740,1.136251,1.20348
2019,Tanzania,740,1.221855,1.27677
2019,Congo,740,0.315976,0.334712
2019,Albania,740,0.639883,0.677825
2019,Lao People's Democratic Republic,740,8.167487,8.652818
2019,Mongolia,740,2.602026,2.670318
2019,Eritrea,740,0.274889,0.291189
2019,Eswatini,740,0.041697,0.04417
2019,Mauritius,740,0.80628,0.750813
2019,China (People's Republic of),720,2.792338,2.957688
2019,Cuba,730,0.051679,0.054671
2019,"South Asia, regional",720,4.853548,5.26613
2019,Tunisia,720,6.554996,6.783747
2019,North Macedonia,720,2.069225,2.191922
2019,Bosnia and Herzegovina,720,15.434448,15.885667
2019,Kosovo,720,1.708985,1.817576
2019,Gabon,720,0.470401,0.498295
2019,Maldives,720,0.043119,0.045675
2019,Guyana,720,0.009,0.009534
2019,Uzbekistan,720,0.08,0.084744
2019,Thailand,720,26.187104,29.522255
2019,Malaysia,720,5.014002,5.451362
2019,Montenegro,720,1.321052,1.40021
2019,Moldova,720,0.187092,0.198321
2019,Botswana,720,0.948615,1.005271
2019,Belarus,720,0.837034,0.884436
2019,Bosnia and Herzegovina,730,9.823989,10.406505
2019,Serbia,730,0.199178,0.202057
2019,Tonga,740,2.181034,2.348841
2019,Vanuatu,720,2.533202,2.901206
2019,Solomon Islands,720,0.780617,0.894352
2019,Fiji,740,5.284099,5.480633
2019,Samoa,740,9.168299,9.725756
2019,Marshall Islands,740,1.082831,1.167772
2019,"Oceania, regional",730,0.074083,0.084877
2019,Tuvalu,740,0.099711,0.10563
2019,Palau,740,0.309513,0.351531
2019,Vanuatu,730,13.99482,14.825192
2019,Wallis and Futuna,740,0.152102,0.156412
2019,Argentina,720,0.01119,0.010215
2019,Tonga,730,0.208894,0.205516
2019,Paraguay,730,0.4,0.423718
2019,Senegal,730,4.219134,4.469191
2019,Tunisia,730,8.684188,8.89162
2019,"Africa, regional",730,1.04131,1.115666
2019,Rwanda,730,0.147295,0.156029
2019,Mauritius,730,0,0
2019,Mexico,730,0.122381,0.131451
2019,Montenegro,740,0.036925,0.038351
2019,States Ex-Yugoslavia unspecified,740,0.038168,0.039643
2019,Kyrgyzstan,730,0.032767,0.034897
2019,Georgia,730,33.678547,34.482682
2019,Jamaica,730,0.00049,0.000519
2019,Turkmenistan,740,0.02,0.021186
2019,Mauritania,730,0.04601,0.048738
2019,Benin,730,0.14538,0.154
2019,Ghana,730,0.3216,0.340669
2019,Cuba,740,0.216289,0.223213
2019,Armenia,730,0.03697,0.039162
2019,Angola,730,0.769165,0.811706
2019,South Africa,730,0.15369,0.162803
2019,Uzbekistan,730,0.20019,0.21206
2019,Cabo Verde,720,0.141756,0.150162
2019,Peru,730,0.5,0.476894
2019,China (People's Republic of),730,7.34482,7.780333
2019,Mauritius,720,10,10.592953
2019,Tokelau,740,0.29592,0.31584
2019,Fiji,730,0.260872,0.278433
2019,Kiribati,720,0.032273,0.034445
2019,Kosovo,730,0.277062,0.283658
2019,Algeria,740,0.655267,0.670866
2019,Wallis and Futuna,730,0.783432,0.802082
2019,Dominica,720,2.770615,3.087955
2019,Antigua and Barbuda,730,3.189735,3.265668
2019,Ecuador,730,22.118945,22.351107
2019,Antigua and Barbuda,720,0.179111,0.183375
2019,Saint Vincent and the Grenadines,730,1.455278,1.489922
2019,"Far East Asia, regional",730,0.122669,0.125589
2019,Morocco,730,0.3411,0.286366
2019,"South & Central Asia, regional",740,0.464758,0.497633
2019,Niue,740,0.064712,0.06855
2019,Namibia,730,0.359581,0.361878
2019,Egypt,730,0,0
2019,Maldives,730,0,0
2019,"Eastern Africa, regional",740,0.131326,0.132487
2019,Togo,730,0.00403,0.004066
2019,Comoros,730,0.048897,0.051515
2019,Micronesia,720,3.506666,3.977506
2019,Kazakhstan,720,0.013413,0.015214
2019,Viet Nam,730,33.403426,35.384092
2019,Tanzania,730,0,0
2019,Saint Lucia,740,0.508684,0.538847
2019,Solomon Islands,730,0,0
2019,Dominica,730,0.029708,0.031469
2020,Bosnia and Herzegovina,730,1.492502,1.476224
2020,Serbia,730,0.48205,0.483917
2020,Türkiye,740,4.669807,5.321279
2020,North Macedonia,720,7.504351,7.582974
2020,Albania,720,11.872084,12.210828
2020,Serbia,720,18.946502,19.467941
2020,Bosnia and Herzegovina,720,32.178618,32.300112
2020,Albania,730,61.086528,65.075695
2020,"Bilateral, unspecified",720,4724.393135,5088.568239
2020,"Bilateral, unspecified",730,41.439897,32.239512
2020,"Bilateral, unspecified",740,180.341862,195.497384
2020,Antigua and Barbuda,720,0.720703,0.736301
2020,Yemen,720,1628.450596,1727.244365
2020,Sudan,720,598.318476,634.415637
2020,Türkiye,720,824.074959,820.871557
2020,Lebanon,720,471.719929,508.521024
2020,Chad,720,199.510846,211.410804
2020,Nigeria,720,607.38135,652.971651
2020,Senegal,720,14.185134,14.749403
2020,Afghanistan,720,486.337325,517.38166
2020,Afghanistan,740,16.83766,17.307294
2020,Angola,720,14.707261,15.159662
2020,Bangladesh,720,450.189202,482.399906
2020,Bangladesh,740,118.916067,120.67868
2020,Burkina Faso,720,186.828047,194.42335
2020,Burkina Faso,730,1.099536,1.025622
2020,Burundi,740,10.655569,10.926274
2020,Burundi,720,57.138785,60.489565
2020,Bolivia,730,1.388711,1.427444
2020,Bhutan,740,0.30482,0.323829
2020,Democratic Republic of the Congo,720,914.473292,985.348174
2020,Congo,720,21.477329,22.948062
2020,Democratic Republic of the Congo,730,21.436901,21.574738
2020,Central African Republic,720,274.356914,292.239763
2020,Central African Republic,730,24.293318,24.468724
2020,Cameroon,720,181.006432,190.630757
2020,Congo,730,0.555803,0.512635
2020,Côte d'Ivoire,720,9.205598,9.408523
2020,Côte d'Ivoire,730,9.315519,9.575347
2020,Cameroon,730,1.336294,1.187617
2020,Colombia,720,288.406114,311.552813
2020,Djibouti,720,13.081267,13.783801
2020,Djibouti,740,2.315893,2.380488
2020,Algeria,720,20.336319,21.089658
2020,Egypt,720,56.270432,59.617107
2020,Egypt,740,2.121051,2.180211
2020,Ethiopia,720,740.488121,781.486052
2020,Ghana,720,7.273929,7.459047
2020,Gambia,720,1.579251,1.554159
2020,Gambia,730,0.071966,0.073974
2020,Guinea,720,6.42605,6.54013
2020,Guinea,730,0.369329,0.37963
2020,Guinea,740,2.032323,2.079743
2020,Guatemala,720,23.001266,23.942826
2020,Guatemala,730,0.968685,1.001717
2020,Guatemala,740,4.158924,4.295914
2020,Honduras,720,35.348738,36.804064
2020,Honduras,730,2.531879,2.607672
2020,Honduras,740,59.135502,60.830794
2020,Indonesia,720,10.758076,11.265483
2020,Indonesia,740,17.552379,18.831862
2020,Iraq,720,648.329713,692.783879
2020,Iraq,730,66.36112,67.311077
2020,Iraq,740,8.464621,8.521125
2020,Iran,720,56.386427,57.055206
2020,Jordan,720,380.751507,402.802438
2020,Jordan,730,5.263193,4.789141
2020,Kenya,720,139.761374,148.460068
2020,Kyrgyzstan,740,7.334364,7.528173
2020,Cambodia,740,1.847579,1.926775
2020,Democratic People's Republic of Korea,720,21.097856,22.179953
2020,Democratic People's Republic of Korea,730,0.657447,0.675785
2020,Lao People's Democratic Republic,730,3.293151,2.779678
2020,Sri Lanka,720,2.437278,2.539021
2020,Sri Lanka,730,0.706022,0.716583
2020,Sri Lanka,740,14.806091,15.252329
2020,Liberia,720,5.492849,5.653558
2020,Liberia,730,4.51788,4.524418
2020,Liberia,740,0.199147,0.204701
2020,Lesotho,720,9.820665,9.817428
2020,Lesotho,730,0.840992,0.864448
2020,Libya,720,70.548377,72.265779
2020,Libya,730,2.669309,2.409193
2020,Madagascar,720,41.033777,43.438722
2020,Madagascar,730,18.991177,18.747968
2020,Mali,720,172.032944,181.341555
2020,Mali,730,15.93227,16.396431
2020,Myanmar,720,176.428103,187.959197
2020,Myanmar,730,14.700837,13.824985
2020,Mauritania,720,52.591911,54.121227
2020,Mauritania,740,2.03085,2.087496
2020,Malawi,720,54.549417,60.727843
2020,Malawi,730,3.442774,3.285977
2020,Mozambique,740,79.744026,81.814342
2020,Mozambique,720,146.066201,155.072028
2020,Namibia,740,0.47,0.487427
2020,Niger,720,190.764551,201.400327
2020,Niger,730,7.711671,7.835843
2020,Nigeria,730,34.836552,35.241339
2020,Nicaragua,720,8.559116,8.772605
2020,Nicaragua,740,10.599335,10.837056
2020,Nepal,720,7.927821,8.563789
2020,Nepal,740,126.885492,129.584445
2020,Peru,720,36.913555,40.048682
2020,Philippines,720,35.212395,37.24031
2020,Philippines,740,8.89181,9.643372
2020,Pakistan,730,19.148713,19.656297
2020,Pakistan,720,141.130126,146.352537
2020,Pakistan,740,28.438546,28.744204
2020,West Bank and Gaza Strip,720,464.424029,476.629664
2020,West Bank and Gaza Strip,740,3.139736,3.340138
2020,Rwanda,720,36.426602,38.766414
2020,Sierra Leone,720,15.229808,15.53895
2020,Sierra Leone,730,11.153433,11.169852
2020,Sierra Leone,740,4.921531,5.056711
2020,Senegal,740,4.700929,4.990497
2020,Somalia,720,642.90357,692.541973
2020,Somalia,730,25.468271,25.521376
2020,Somalia,740,17.857865,18.12535
2020,South Sudan,720,986.530511,1074.693821
2020,El Salvador,740,0.637456,0.649948
2020,El Salvador,720,17.630279,18.902508
2020,El Salvador,730,48.422442,39.696168
2020,Syrian Arab Republic,720,9196.505667,9828.47951500001
2020,Syrian Arab Republic,730,48.768712,49.24917
2020,Eswatini,720,6.392522,6.311109
2020,Eswatini,730,0.055906,0.057465
2020,Chad,740,1.353992,1.385274
2020,Tajikistan,730,0.731053,0.751443
2020,Timor-Leste,740,2.747124,3.032385
2020,Tanzania,720,60.407322,64.555159
2020,Uganda,720,261.725165,278.331937
2020,Uganda,730,4.497921,4.473841
2020,Panama,720,7.701309,7.974401
2020,Panama,740,0.433658,0.458952
2020,Yemen,730,17.611775,17.680139
2020,Zambia,720,17.752924,17.928768
2020,Zambia,740,1.2491,1.283942
2020,Zambia,730,0.709744,0.737667
2020,Zimbabwe,720,232.435744,242.809599
2020,Zimbabwe,730,13.880053,14.112568
2020,Zimbabwe,740,2.333779,2.383384
2020,"Middle East, regional",740,14.214077,15.423019
2020,Solomon Islands,740,4.185267,4.655232
2020,Paraguay,740,0.824607,0.914825
2020,Costa Rica,740,1.792445,1.854525
2020,Central African Republic,740,2.755235,2.786979
2020,Cameroon,740,3.021515,3.007392
2020,Peru,740,3.825501,4.091636
2020,Tunisia,740,0.148998,0.149624
2020,Iran,740,0.159864,0.168417
2020,Libya,740,1.685892,1.648009
2020,Malawi,740,31.44927,32.240193
2020,Belarus,740,0.017817,0.018314
2020,Thailand,740,1.003823,1.088422
2020,Madagascar,740,24.558336,25.164883
2020,Nigeria,740,5.587054,5.801749
2020,Venezuela,740,0.070668,0.06986
2020,Lesotho,740,0.788671,0.795753
2020,Cabo Verde,740,4.609785,4.738361
2020,Jamaica,740,0.079217,0.088164
2020,"Oceania, regional",740,10.485794,11.567691
2020,"Caribbean, regional",740,3.781887,4.291728
2020,Sudan,740,2.970006,3.018513
2020,Jordan,740,10.404423,10.414253
2020,Guyana,740,0.108375,0.111398
2020,South Sudan,740,16.2756,16.570981
2020,Congo,740,0.650544,0.668629
2020,Kenya,740,156.74286,159.500116
2020,Tonga,740,12.610813,12.99528
2020,Burkina Faso,740,6.248701,6.384002
2020,India,740,35.688977,36.738953
2020,Uganda,740,6.37937,6.463397
2020,Maldives,740,6.998118,7.193311
2020,Morocco,740,0.178342,0.179142
2020,Myanmar,740,8.128831,8.378588
2020,Eritrea,740,0.658095,0.67645
2020,Gabon,740,0.515642,0.530024
2020,Papua New Guinea,740,4.777581,5.254322
2020,Dominican Republic,740,1.260518,1.307924
2020,Ethiopia,740,25.225974,25.656409
2020,"Far East Asia, regional",740,3.990936,4.091506
2020,Argentina,740,0.011291,0.011606
2020,Uzbekistan,740,0.370519,0.372978
2020,Moldova,740,0.120414,0.123773
2020,"South Asia, regional",740,4.797791,5.128544
2020,South Africa,740,2.419204,2.492388
2020,Niger,740,13.176643,13.469831
2020,Tanzania,740,6.030052,6.096554
2020,Lebanon,740,11.649176,11.517084
2020,"Africa, regional",740,17.702922,17.952003
2020,Albania,740,3.185085,3.198357
2020,"South America, regional",740,4.345624,4.66077
2020,Yemen,740,11.661181,11.659266
2020,Colombia,740,16.730202,17.849693
2020,Benin,740,4.204813,4.32318
2020,Bolivia,720,1.061119,1.06663
2020,Tajikistan,740,3.922189,4.025295
2020,Angola,740,0.857991,0.880999
2020,Saint Vincent and the Grenadines,740,18.337747,18.863625
2020,Cuba,720,4.802423,4.815387
2020,"Europe, regional",740,7.264406,7.424892
2020,Antigua and Barbuda,740,0.132031,0.130503
2020,Ukraine,740,1.972329,2.105008
2020,Sao Tome and Principe,740,1.773272,1.822733
2020,Haiti,740,20.487941,21.389374
2020,Kosovo,740,0.028242,0.029029
2020,Georgia,740,0.019846,0.020399
2020,Guinea-Bissau,740,0.785895,0.807814
2020,Turkmenistan,740,0.048621,0.049977
2020,Samoa,740,7.594222,7.838976
2020,India,720,10.972444,11.214933
2020,North Macedonia,740,0.81166,0.82824
2020,Democratic People's Republic of Korea,740,1.100131,1.13044
2020,Bolivia,740,3.733347,3.743465
2020,Equatorial Guinea,740,0.175103,0.179986
2020,Democratic Republic of the Congo,740,15.686436,15.90443
2020,Syrian Arab Republic,740,22.290547,22.22941
2020,Togo,740,3.103445,3.177416
2020,Gambia,740,0.157986,0.161649
2020,Cambodia,720,3.011118,3.071599
2020,Bosnia and Herzegovina,740,4.789025,5.269805
2020,Cuba,740,1.702468,1.705358
2020,Mexico,740,0.099123,0.101404
2020,Comoros,740,9.054585,9.307136
2020,"America, regional",740,21.64422,23.528353
2020,Eswatini,740,0.016145,0.016594
2020,Mongolia,740,1.313106,1.464002
2020,Ghana,740,3.050032,3.134922
2020,Algeria,740,0.272055,0.276864
2020,Lao People's Democratic Republic,740,3.891997,4.039928
2020,Azerbaijan,740,0.037902,0.038959
2020,Kazakhstan,740,0.033922,0.034868
2020,Mali,740,10.995079,10.982486
2020,Côte d'Ivoire,740,0.641789,0.660094
2020,Ecuador,740,1.720128,1.873741
2020,Dominica,740,4.287379,4.430449
2020,Mauritius,740,0.539212,0.554252
2020,Suriname,740,0.091146,0.108049
2020,Viet Nam,740,38.607775,38.961983
2020,Belize,740,0.105603,0.122909
2020,Haiti,720,84.026036,88.419031
2020,Grenada,740,2.401637,2.468623
2020,Malaysia,740,0.477455,0.490771
2020,Benin,720,3.122513,3.200896
2020,Botswana,740,0.443402,0.45577
2020,Armenia,740,0.035255,0.034332
2020,Serbia,740,4.290108,4.244874
2020,"Middle East, regional",720,81.651723,87.1018370000001
2020,"South of Sahara, regional",740,13.287597,14.509286
2020,Ukraine,720,103.641429,108.048113
2020,Lao People's Democratic Republic,720,1.762822,1.77527
2020,Togo,720,0.32501,0.332446
2020,"Melanesia, regional",720,0.47111,0.48425
2020,Guinea-Bissau,720,1.050346,1.024681
2020,Kazakhstan,720,19.285617,19.863508
2020,"America, regional",720,108.333565,121.97541
2020,Venezuela,720,154.485177,161.769312
2020,"South of Sahara, regional",720,240.269843,242.770853
2020,Tajikistan,720,15.747944,16.221768
2020,Morocco,720,22.891281,23.224849
2020,Moldova,720,0.538677,0.577966
2020,Ecuador,720,45.315358,49.811588
2020,Mexico,720,24.335514,26.228128
2020,Georgia,720,2.967519,3.109403
2020,Paraguay,720,7.077234,7.273087
2020,Dominican Republic,720,1.526095,1.562107
2020,Namibia,720,8.666541,8.789119
2020,"Asia, regional",720,40.10439,47.298005
2020,Armenia,720,7.847367,7.937556
2020,Comoros,720,2.51894,2.578739
2020,Kyrgyzstan,720,7.923174,8.173052
2020,"Caribbean, regional",720,5.483898,5.933408
2020,South Africa,720,12.97479,13.414989
2020,Bhutan,720,1.116883,1.126518
2020,Brazil,720,16.999352,18.205758
2020,Eritrea,720,3.691925,3.740322
2020,Maldives,720,5.875662,6.023464
2020,Viet Nam,720,6.031928,6.110655
2020,China (People's Republic of),720,9.091017,9.276477
2020,Kosovo,720,2.29515,2.372985
2020,Papua New Guinea,720,2.372333,2.674982
2020,Sao Tome and Principe,720,0.089772,0.08906
2020,Mauritius,720,2.145221,2.059091
2020,Azerbaijan,720,9.49962,9.733673
2020,Timor-Leste,720,2.98948,3.392775
2020,Belarus,720,15.800636,16.164518
2020,Ukraine,730,12.010305,12.003711
2020,Uzbekistan,720,3.080894,3.180964
2020,"Central Asia, regional",720,1.357411,1.365823
2020,Montenegro,720,5.997396,6.06884
2020,"Europe, regional",720,23.577425,25.943848
2020,Lebanon,730,45.664724,45.479503
2020,India,730,23.622627,24.279184
2020,"South & Central Asia, regional",720,9.23718,10.487864
2020,Nicaragua,730,0.064682,0.070275
2020,Mozambique,730,10.932993,11.492443
2020,"Africa, regional",720,86.2954080000001,93.66668
2020,Moldova,730,0.34188,0.339003
2020,"Asia, regional",740,19.958199,21.611563
2020,"South of Sahara, regional",730,0.963012,0.848269
2020,Tunisia,720,14.068636,14.377893
2020,Mongolia,720,6.65977,6.832652
2020,Fiji,720,5.656039,6.06073
2020,Botswana,720,2.693258,2.701133
2020,"South America, regional",720,35.253986,34.176901
2020,"Southern Africa, regional",720,5.409015,5.560385
2020,Vanuatu,720,11.617345,12.927563
2020,"Eastern Africa, regional",720,72.707903,73.095199
2020,Gabon,720,0.302699,0.307376
2020,Costa Rica,720,6.121166,6.291556
2020,Guyana,720,0.495286,0.5091
2020,Cabo Verde,720,0.40086,0.40433
2020,"Far East Asia, regional",720,7.878018,8.541956
2020,Equatorial Guinea,720,0.044,0.045227
2020,Belize,720,0.736286,0.756824
2020,"South Asia, regional",720,2.442617,2.6815
2020,Thailand,720,25.686608,27.945007
2020,Jamaica,720,0.544286,0.559467
2020,Malaysia,720,12.330576,12.789275
2020,Suriname,720,0.3644,0.374563
2020,Montserrat,720,0.286286,0.294271
2020,Saint Lucia,720,0.291357,0.299158
2020,Saint Vincent and the Grenadines,720,0.286286,0.294271
2020,Grenada,720,0.286286,0.294271
2020,Dominica,720,0.31676,0.328386
2020,Marshall Islands,720,0.111429,0.114537
2020,Nauru,720,0.161726,0.172276
2020,Samoa,720,0.637634,0.820254
2020,Solomon Islands,720,0.499631,0.560168
2020,Tonga,720,0.60421,0.675976
2020,Tuvalu,720,0.123938,0.128896
2020,Palau,720,0.111429,0.114537
2020,Niue,720,0.123938,0.128896
2020,Turkmenistan,720,5.380626,5.530702
2020,Argentina,720,9.780567,10.047806
2020,China (People's Republic of),730,30.922525,31.785013
2020,Viet Nam,730,45.486205,46.844268
2020,Mauritania,730,0.355698,0.365619
2020,Comoros,730,1.587034,1.601606
2020,Kyrgyzstan,730,0.37916,0.389735
2020,"Oceania, regional",730,0.013481,0.013856
2020,Chad,730,0.406422,0.406935
2020,Sudan,730,3.151384,2.979874
2020,Türkiye,730,5.485597,5.215983
2020,"Middle East, regional",730,2.334649,2.24905
2020,Bangladesh,730,13.613071,13.739017
2020,Tonga,730,0.001052,0.001081
2020,Indonesia,730,9.088158,7.436517
2020,Ethiopia,730,4.001835,4.045973
2020,Sao Tome and Principe,730,0.021396,0.021992
2020,"Asia, regional",730,0.417568,0.344027
2020,"Western Africa, regional",730,0.310626,0.31929
2020,Philippines,730,3.404143,3.324827
2020,Afghanistan,730,27.547679,27.584082
2020,South Sudan,730,6.344582,5.838229
2020,Equatorial Guinea,730,0.012117,0.012456
2020,Tunisia,730,0.399245,0.332153
2020,"America, regional",730,0.026226,0.026778
2020,Papua New Guinea,730,3.158455,3.24655
2020,Rwanda,740,24.615346,25.279875
2020,Kenya,730,4.47075,4.286274
2020,Jamaica,730,0.175534,0.180431
2020,Benin,730,0.335644,0.344677
2020,Angola,730,0.398231,0.409338
2020,Fiji,740,13.288798,13.806305
2020,Uzbekistan,730,0.117778,0.121052
2020,Tokelau,740,0.104618,0.110581
2020,Algeria,730,0.418973,0.381767
2020,Djibouti,730,0.729604,0.696172
2020,Colombia,730,0.693547,0.708677
2020,China (People's Republic of),740,0.473273,0.482063
2020,Nepal,730,39.44426,35.436384
2020,Ghana,730,0.025104,0.028911
2020,Azerbaijan,730,0.007607,0.007819
2020,Tanzania,730,0.43436,0.446475
2020,Georgia,730,0.054043,0.05555
2020,Niue,740,0.112525,0.115664
2020,West Bank and Gaza Strip,730,19.268235,19.931021
2020,Senegal,730,0.835653,0.853957
2020,Brazil,730,0.833996,0.857259
2020,"Western Africa, regional",720,35.985847,36.47338
2020,"Caribbean & Central America, regional",720,4.613052,5.752714
2020,"Africa, regional",730,2.43366,2.484132
2020,"Central America, regional",720,12.790675,13.940733
2020,"Middle Africa, regional",720,3.889693,3.882149
2020,"Middle Africa, regional",730,4.343247,4.302242
2020,Mongolia,730,3.564429,3.588238
2020,"Eastern Africa, regional",730,3.340043,3.308509
2020,Morocco,730,0.426228,0.387117
2020,Iran,730,0.5,0.406384
2020,Egypt,730,0.454545,0.369439
2020,Guinea-Bissau,730,0.25,0.203192
2020,Maldives,730,0,0
2020,Kosovo,730,0.17314,0.170931
2020,"Europe, regional",730,0.054439,0.053744
2020,"Central Asia, regional",740,3.219481,3.237987
2020,Ecuador,730,9.138634,8.849752
2020,"Southern Africa, regional",740,0.195433,0.200884
2020,"North of Sahara, regional",720,0.42256,0.465476
2020,Haiti,730,13.263505,13.610533
2020,Antigua and Barbuda,730,2.422348,2.391442
2020,Wallis and Futuna,730,0.068536,0.067661
2020,"Western Africa, regional",740,5.760944,6.347785
2020,"Eastern Africa, regional",740,1.753927,1.87766
2020,Timor-Leste,730,0.01656,0.017022
2020,Namibia,730,0.089727,0.09223
2020,Peru,730,0.150188,0.154133
2020,Venezuela,730,0.208648,0.214467
2020,Panama,730,0.4,0.411156
2020,Costa Rica,730,0.2,0.205578
2020,"Caribbean & Central America, regional",740,0.11396,0.112429
2020,Rwanda,730,0.288333,0.296065
2020,Cuba,730,0.034188,0.033729
2020,"South America, regional",730,1.135676,1.14878
2020,Micronesia,740,1.991526,2.193493
2020,Montenegro,740,0.035104,0.035418
2020,States Ex-Yugoslavia unspecified,740,0.028672,0.028929
2020,"Oceania, regional",720,13.541459,15.612359
2020,"Caribbean, regional",730,0.0932,0.11133
2020,Kiribati,740,0.094458,0.108431
2020,Vanuatu,740,9.971408,10.398229
2020,Palau,740,0.168826,0.189639
2020,Tuvalu,740,3.031596,3.121586
2020,Kiribati,720,0.012509,0.014359
2020,Marshall Islands,740,1.034468,1.106253
2020,Kiribati,730,0.027509,0.029192
2020,Vanuatu,730,1.514082,1.606492
2020,Fiji,730,0,0
2020,Armenia,730,0.017094,0.016472
2020,Brazil,740,0.22003,0.218079
2020,Togo,730,0.001481,0.001428
2020,"Central America, regional",730,0.266241,0.271811
2020,"Central America, regional",740,2.29917,2.368074
2020,"South & Central Asia, regional",740,1.00639,1.027445
2020,"Far East Asia, regional",730,2.279202,2.193488
2020,Micronesia,720,7.05044,7.892867
2020,Eritrea,730,0.172232,0.172362
2020,"North of Sahara, regional",730,3.760684,3.763523
2020,Saint Lucia,740,1.268332,1.303708
2020,Solomon Islands,730,0.003115,0.003202
2020,Dominica,730,1.045942,1.075115
2021,Mongolia,730,0,0
2021,Bosnia and Herzegovina,730,0.103704,0.101587
2021,Serbia,730,0.068399,0.066344
2021,Türkiye,740,1.098074,1.05323
2021,Serbia,720,4.278819,4.148873
2021,Bosnia and Herzegovina,720,15.133483,14.282182
2021,Namibia,720,1.284398,1.275043
2021,Bangladesh,720,476.324652,486.244298
2021,Mali,720,168.858118,168.193957
2021,Jordan,720,378.471484,374.537747
2021,Somalia,720,670.771305,683.547887
2021,Ethiopia,720,1307.566324,1336.966003
2021,Democratic Republic of the Congo,720,925.002273,942.904591000001
2021,Pakistan,720,67.995568,66.184426
2021,"Europe, regional",720,135.579484,143.307303
2021,Saint Vincent and the Grenadines,720,6.393253,6.074958
2021,"South of Sahara, regional",740,9.103582,9.1493
2021,"Africa, regional",720,200.169968,191.015814
2021,South Sudan,720,1019.486138,1042.398815
2021,Afghanistan,720,2167.985343,2150.958648
2021,Algeria,720,30.960902,29.641486
2021,Lebanon,720,487.814558,480.967339
2021,"Bilateral, unspecified",720,4070.12744600001,4170.581432
2021,Yemen,720,2158.014239,2150.399204
2021,West Bank and Gaza Strip,720,766.74331,733.440875
2021,Ukraine,720,108.12739,105.687896
2021,Burkina Faso,720,220.614455,217.991791
2021,Syrian Arab Republic,720,8481.96079099999,8815.887523
2021,Nigeria,720,661.891811,671.818132000001
2021,Argentina,720,2.216628,2.148617
2021,"South of Sahara, regional",720,1178.101873,1223.430285
2021,Mozambique,720,181.882571,183.159609
2021,Syrian Arab Republic,730,46.558904,44.22182
2021,Brazil,720,23.546773,24.855849
2021,Colombia,720,313.020722,324.763603
2021,"Asia, regional",720,259.385624,246.398745
2021,Libya,720,69.382084,65.816756
2021,Venezuela,720,153.166725,153.065376
2021,Costa Rica,720,2.262067,2.19582
2021,Ecuador,720,52.50469,55.013148
2021,Cameroon,720,125.516093,123.544036
2021,Sudan,720,796.765481,821.598701
2021,Myanmar,720,226.055185,220.313135
2021,Guatemala,720,58.86763,60.917079
2021,Central African Republic,720,252.070273,251.306296
2021,Iran,720,33.731288,31.465406
2021,"South America, regional",720,94.661441,89.2722399999999
2021,Türkiye,720,869.343996000001,817.28868
2021,Mexico,720,10.895469,11.022759
2021,Niger,720,210.000878,206.521405
2021,Panama,720,6.647669,6.579499
2021,Peru,720,50.182053,52.850249
2021,"America, regional",720,410.634325,434.59205
2021,Sierra Leone,720,14.580346,13.926296
2021,West Bank and Gaza Strip,740,3.449758,3.364653
2021,Uganda,720,305.658792,305.292181
2021,Kenya,720,223.342642,227.45197
2021,Nepal,720,20.490069,20.131041
2021,India,720,48.835034,48.0165890000001
2021,Haiti,720,118.779953,118.60411
2021,Tanzania,720,68.571945,68.132046
2021,"Bilateral, unspecified",730,25.977288,25.005215
2021,Bosnia and Herzegovina,740,1.103406,1.081833
2021,Chad,720,215.938329,217.074789
2021,Côte d'Ivoire,720,18.249588,17.484943
2021,Iraq,720,457.433201,461.63364
2021,West Bank and Gaza Strip,730,37.841833,35.828229
2021,Democratic People's Republic of Korea,720,8.881414,8.751098
2021,"Middle East, regional",720,238.507203,245.83551
2021,Mozambique,730,5.211638,5.191014
2021,Djibouti,720,17.578573,17.826306
2021,"Caribbean & Central America, regional",720,5.045336,5.240039
2021,"Bilateral, unspecified",740,203.162849,206.936301
2021,Senegal,720,11.077995,10.970106
2021,Angola,720,13.820302,13.533374
2021,Congo,720,21.433673,21.957187
2021,Tajikistan,720,3.9776,3.745818
2021,South Africa,720,13.600097,13.273581
2021,"Eastern Africa, regional",720,100.169805,93.956241
2021,Zambia,720,8.931994,8.653024
2021,Zimbabwe,720,125.296679,126.468297
2021,Philippines,720,24.513914,23.532847
2021,Lesotho,720,7.6448,7.585025
2021,Ethiopia,740,41.073723,38.756508
2021,"Melanesia, regional",720,0.122422,0.110047
2021,Ethiopia,730,8.20833,7.716581
2021,Burundi,720,70.883931,69.972982
2021,Kyrgyzstan,720,4.572996,4.448724
2021,Dominican Republic,720,1.786811,1.690662
2021,China (People's Republic of),720,4.001802,3.881513
2021,Mauritania,720,33.693393,33.280898
2021,Sri Lanka,720,4.471296,4.27639
2021,Philippines,740,10.122176,10.434513
2021,Indonesia,720,35.255011,34.312574
2021,Malaysia,720,9.72942499999999,9.682708
2021,Thailand,720,34.020167,35.635305
2021,Somalia,730,17.610411,16.638999
2021,Equatorial Guinea,720,2.623226,2.49599
2021,Armenia,720,18.980544,17.881678
2021,Madagascar,720,78.386731,78.1299950000001
2021,Belarus,720,1.520306,1.481024
2021,Georgia,720,2.746352,2.721788
2021,Bolivia,740,2.502016,2.443717
2021,Rwanda,720,42.38999,42.703185
2021,"South & Central Asia, regional",720,217.4539,223.747732
2021,Nigeria,730,39.482308,37.121583
2021,El Salvador,740,2.229968,2.320779
2021,"Central America, regional",720,44.713747,43.479118
2021,Uganda,730,10.044268,9.304727
2021,Honduras,720,61.788387,63.634735
2021,"Western Africa, regional",720,62.154345,58.672282
2021,Azerbaijan,720,13.590963,12.77036
2021,Kenya,730,6.529068,5.920182
2021,Eritrea,720,2.755444,2.572686
2021,Kenya,740,14.788105,14.05752
2021,Democratic Republic of the Congo,730,20.346707,18.732474
2021,Afghanistan,730,17.441268,16.793837
2021,Yemen,740,27.156402,25.918766
2021,Ghana,720,6.536205,6.345696
2021,Liberia,720,14.14641,13.890764
2021,Malawi,720,33.592515,34.450483
2021,"Southern Africa, regional",720,1.064301,1.116326
2021,Egypt,720,66.199344,65.426752
2021,Morocco,720,12.127434,11.395375
2021,Tunisia,720,17.134721,16.424338
2021,Kazakhstan,720,0.358133,0.352111
2021,Kosovo,720,2.06944,2.106156
2021,Montenegro,720,0.93572,0.916221
2021,North Macedonia,720,1.969284,1.902453
2021,Albania,720,2.181319,2.090518
2021,Malawi,740,8.315194,7.972642
2021,Central African Republic,730,8.408335,7.990616
2021,Cabo Verde,720,0.005548,0.005239
2021,Mali,730,7.894848,7.636117
2021,Myanmar,730,8.119391,7.644347
2021,Bangladesh,740,170.417954,162.271709
2021,Lebanon,730,53.086953,49.839977
2021,"South & Central Asia, regional",730,0.140728,0.132893
2021,Jordan,740,1.349768,1.359252
2021,Algeria,730,0.281451,0.259379
2021,Ukraine,730,34.703525,32.330503
2021,Madagascar,740,24.004439,23.187649
2021,South Sudan,730,8.487303,7.768839
2021,"North of Sahara, regional",720,68.028244,72.7776
2021,Bangladesh,730,5.280584,5.054428
2021,Niger,740,11.735655,11.296638
2021,Lao People's Democratic Republic,740,7.761509,7.558128
2021,"Middle Africa, regional",720,1.974463,1.864693
2021,Gambia,740,0.4238,0.414693
2021,Libya,740,0.869995,0.864928
2021,"Africa, regional",740,33.559458,32.485999
2021,Gabon,720,0.099,0.099575
2021,Senegal,740,7.340636,7.177099
2021,Tajikistan,740,5.58682,5.427452
2021,Togo,720,0.412074,0.402455
2021,Montenegro,740,0.037143,0.036812
2021,Cameroon,740,4.002146,3.813386
2021,"Central Asia, regional",720,10.850456,11.264456
2021,Lao People's Democratic Republic,720,2.745804,2.600118
2021,Fiji,720,13.519289,13.273511
2021,Mongolia,720,0.731025,0.717431
2021,Uzbekistan,720,0.513335,0.504345
2021,Gambia,720,1.683295,1.537387
2021,"South Asia, regional",720,14.86279,15.892034
2021,"Oceania, regional",720,5.400463,5.536511
2021,Rwanda,740,1.317549,1.278693
2021,"Asia, regional",730,1.899588,1.750439
2021,El Salvador,720,17.481392,17.833785
2021,Benin,720,2.368601,2.190131
2021,Haiti,730,2.754193,2.660538
2021,Bolivia,720,2.506472,2.382282
2021,Myanmar,740,6.33631,5.954998
2021,Benin,740,1.468631,1.422982
2021,Burkina Faso,740,10.238712,9.909858
2021,Nicaragua,720,18.986477,19.098828
2021,Nepal,740,77.613747,75.794017
2021,Pakistan,730,27.406537,26.498418
2021,"Caribbean, regional",720,0.806024,0.822015
2021,"Caribbean, regional",730,0.000809,0.000835
2021,"Caribbean, regional",740,12.959628,13.364236
2021,"Asia, regional",740,12.517319,12.470333
2021,"America, regional",740,23.179724,23.632765
2021,Eswatini,720,6.054952,5.716354
2021,Papua New Guinea,720,2.827943,2.742545
2021,Liberia,730,6.777934,6.352869
2021,Burkina Faso,730,7.336669,7.046212
2021,Guinea,720,15.901483,15.144373
2021,Micronesia,720,2.213982,2.369862
2021,"Oceania, regional",740,22.924143,22.568738
2021,Sierra Leone,730,6.906576,6.531346
2021,"Africa, regional",730,3.663002,3.296231
2021,Côte d'Ivoire,740,1.425637,1.382974
2021,Maldives,720,0.131013,0.127078
2021,"Europe, regional",730,0.26674,0.27011
2021,"America, regional",730,0.416917,0.417807
2021,Guatemala,740,6.62781,6.981967
2021,Cambodia,740,1.191348,1.214704
2021,South Sudan,740,17.735294,17.039383
2021,Ukraine,740,3.436393,3.289656
2021,Haiti,740,22.387272,22.046136
2021,"Europe, regional",740,12.159917,11.984366
2021,Maldives,740,0.229445,0.222551
2021,Timor-Leste,720,13.959074,13.725395
2021,Colombia,730,1.02285,0.970886
2021,Dominican Republic,730,0,0
2021,Belize,730,0.5,0.484977
2021,Panama,730,0.7126,0.691189
2021,Honduras,730,9.607318,9.318649
2021,Moldova,720,0.05054,0.048342
2021,Iraq,730,65.047618,60.300046
2021,Cambodia,720,2.275605,2.22304
2021,Vanuatu,720,17.606387,17.580699
2021,"Far East Asia, regional",720,143.561323,152.616416
2021,Armenia,730,0.332396,0.314283
2021,Viet Nam,720,6.937623,6.874627
2021,Moldova,740,0.166457,0.161197
2021,Georgia,740,0.933164,0.887445
2021,Albania,740,4.381943,4.122908
2021,Belarus,730,0.505391,0.509352
2021,Zambia,730,0.284734,0.284915
2021,Comoros,720,3.62411,3.512484
2021,Cuba,720,1.059547,1.028079
2021,Paraguay,720,0.263696,0.252087
2021,Turkmenistan,720,0.030123,0.029219
2021,Bhutan,720,0.270396,0.262272
2021,Tonga,730,0.00596,0.005781
2021,Cambodia,730,1.904383,1.594973
2021,China (People's Republic of),730,15.244579,14.786528
2021,Philippines,730,2.688971,2.469694
2021,Indonesia,730,21.717195,18.205229
2021,Sri Lanka,730,0.149769,0.139965
2021,"Western Africa, regional",730,0.07632,0.074027
2021,Kyrgyzstan,730,0.093128,0.090329
2021,Libya,730,4.309476,3.769057
2021,Comoros,730,1.027216,0.996351
2021,Cameroon,730,3.549759,3.072688
2021,Sao Tome and Principe,730,0.00184,0.001785
2021,Jordan,730,3.521918,3.068575
2021,Yemen,730,11.584378,10.92361
2021,Sudan,730,5.058872,4.34794
2021,Burundi,730,0.00056,0.000543
2021,Niger,730,15.283789,14.777338
2021,Papua New Guinea,730,0.084969,0.082417
2021,Saint Vincent and the Grenadines,740,28.325282,27.475166
2021,Papua New Guinea,740,3.644292,3.689191
2021,Venezuela,730,0.718562,0.696666
2021,Viet Nam,740,36.525152,35.389715
2021,Timor-Leste,740,4.221884,4.312781
2021,Indonesia,740,469.965597,395.763583
2021,Viet Nam,730,41.435168,40.179856
2021,Nepal,730,38.308128,34.709468
2021,Tonga,740,7.37362,7.207257
2021,Solomon Islands,720,0.311719,0.310703
2021,Tonga,720,0.102584,0.104158
2021,Fiji,740,4.508598,4.435692
2021,Kiribati,740,0.712274,0.704693
2021,Vanuatu,740,6.234893,6.109484
2021,Burundi,740,6.761617,6.501227
2021,India,740,26.881562,26.133493
2021,Nigeria,740,6.4448,6.273225
2021,Kiribati,720,0.036599,0.036478
2021,Nauru,720,3e-05,3e-05
2021,Samoa,720,0.131496,0.131063
2021,Tuvalu,720,0.002311,0.002303
2021,Solomon Islands,740,4.10137,4.09098
2021,India,730,77.303202,74.977931
2021,"Middle East, regional",740,13.879789,13.398395
2021,Iraq,740,16.110609,15.465543
2021,Sri Lanka,740,10.010363,9.909196
2021,Afghanistan,740,14.175241,13.483357
2021,Pakistan,740,32.445919,31.354867
2021,Niue,740,0.001143,0.00114
2021,Uganda,740,6.62635,6.233566
2021,Lebanon,740,4.913031,4.634729
2021,Democratic Republic of the Congo,740,17.48833,16.748672
2021,Fiji,730,11.143203,11.025132
2021,Guatemala,730,0.679398,0.653598
2021,Nicaragua,730,1.79872,1.735661
2021,Rwanda,730,2.867174,2.781024
2021,Togo,730,0.133112,0.128665
2021,Cuba,730,0.047304,0.043808
2021,Bolivia,730,1.246177,1.204586
2021,Dominican Republic,740,2.705595,2.740242
2021,Peru,740,4.177597,4.294877
2021,Mozambique,740,29.544222,28.469045
2021,Guinea-Bissau,720,1.014992,0.934301
2021,Senegal,730,7.935708,7.696351
2021,Mexico,740,0.60919,0.647496
2021,"Caribbean & Central America, regional",740,1.129486,1.051361
2021,Saint Vincent and the Grenadines,730,0.41394,0.383349
2021,"South America, regional",740,2.739002,2.610714
2021,Costa Rica,730,0.35737,0.339731
2021,El Salvador,730,1.140205,1.099041
2021,Morocco,730,0.359027,0.334252
2021,Sierra Leone,740,2.949125,2.860516
2021,"Far East Asia, regional",740,6.480582,6.252173
2021,Tokelau,740,0.136009,0.128548
2021,Vanuatu,730,2.727867,2.580633
2021,Chad,730,2.057711,1.891543
2021,Sudan,740,6.311968,6.210602
2021,North Macedonia,740,0.863143,0.837826
2021,Peru,730,0.118672,0.115106
2021,Guyana,730,0.2,0.193991
2021,Zimbabwe,740,3.848446,3.916259
2021,Kyrgyzstan,740,7.000749,6.263288
2021,Tanzania,740,1.578225,1.519425
2021,"South of Sahara, regional",730,2.189322,2.049903
2021,Lao People's Democratic Republic,730,1.496756,1.43533
2021,Colombia,740,31.891924,32.543001
2021,Brazil,740,0.934987,0.90211
2021,"Eastern Africa, regional",740,21.870086,20.429524
2021,Honduras,740,15.902051,15.649345
2021,Türkiye,730,11.80487,11.279692
2021,Togo,740,3.879229,3.746701
2021,China (People's Republic of),740,0.452508,0.438528
2021,"Central Asia, regional",740,1.870379,1.869697
2021,Tanzania,730,0.228786,0.221354
2021,Eritrea,730,0.008715,0.008159
2021,States Ex-Yugoslavia unspecified,740,0.058515,0.055408
2021,"Central America, regional",740,4.579211,4.491325
2021,Syrian Arab Republic,740,6.739148,6.373954
2021,Mali,740,13.534332,12.724803
2021,Georgia,730,0.107517,0.104287
2021,Ecuador,730,38.904219,36.046614
2021,Madagascar,730,3.611699,3.503179
2021,Ecuador,740,2.730509,2.736021
2021,Mauritania,740,7.044439,6.769874
2021,Wallis and Futuna,730,0.060265,0.056061
2021,Nicaragua,740,21.278973,20.630153
2021,Argentina,740,0.575344,0.535514
2021,Cuba,740,1.153321,1.092633
2021,Congo,740,2.258911,2.134678
2021,Somalia,740,17.758164,16.876797
2021,Tunisia,740,0.801995,0.744555
2021,Algeria,740,0.394842,0.374175
2021,Serbia,740,1.172467,1.120338
2021,Angola,740,3.742403,3.582097
2021,"Far East Asia, regional",730,0.083117,0.077319
2021,Kosovo,730,0.146949,0.136697
2021,"South Asia, regional",740,8.842032,8.594427
2021,Chad,740,3.39605,3.243521
2021,Democratic People's Republic of Korea,740,0.813536,0.770307
2021,Lesotho,740,1.357889,1.310514
2021,Malawi,730,5.593826,5.287408
2021,Jamaica,740,2.46964,2.630609
2021,"Western Africa, regional",740,7.953069,8.041612
2021,Central African Republic,740,1.13785,1.103662
2021,Djibouti,740,2.313318,2.24433
2021,Venezuela,740,0.42116,0.409586
2021,"Southern Africa, regional",740,0.27676,0.268444
2021,Thailand,740,0.648585,0.648328
2021,Micronesia,740,1.01824,1.089935
2021,Costa Rica,740,0.33256,0.352168
2021,Dominica,720,0.48339,0.517426
2021,Palau,720,0.061936,0.065699
2021,Paraguay,740,0.9188,0.968736
2021,Samoa,740,4.029375,3.926334
2021,Dominica,740,15.375635,14.975293
2021,Marshall Islands,740,0.63323,0.631605
2021,Palau,740,0.680797,0.635963
2021,Mongolia,740,1.118602,1.132422
2021,Bhutan,740,0.05153,0.052245
2021,Botswana,720,0.33353,0.28132
2021,Guyana,720,3.45467,3.691283
2021,Namibia,740,0.8721,0.845896
2021,Tuvalu,740,0.549905,0.533382
2021,Egypt,730,0.017868,0.01754
2021,Uzbekistan,740,0.575331,0.532121
2021,Congo,730,0.511029,0.495704
2021,Benin,730,0.216728,0.20981
2021,Morocco,740,0.296,0.287105
2021,"South & Central Asia, regional",740,0.842451,0.826986
2021,Angola,730,0.468644,0.454602
2021,Iran,740,0.183123,0.177622
2021,Guinea,740,2.092081,2.029221
2021,Equatorial Guinea,740,0.6374,0.618248
2021,Liberia,740,1.343668,1.303296
2021,Mauritius,740,0.447253,0.433814
2021,Eritrea,740,0.14165,0.137394
2021,Zambia,740,3.472056,3.367732
2021,Egypt,740,0.89657,0.869631
2021,South Africa,740,0.4756,0.46131
2021,Botswana,740,0.52784,0.51198
2021,Cabo Verde,740,0.2262,0.219403
2021,Comoros,740,5.569672,5.402324
2021,Gabon,740,1.7376,1.685391
2021,Ghana,740,1.018721,0.988112
2021,Guinea-Bissau,740,1.278207,1.2398
2021,Sao Tome and Principe,740,1.394297,1.352403
2021,Eswatini,740,0.0898,0.087102
2021,Belize,740,0.028,0.027159
2021,Panama,740,0.0482,0.046752
2021,Antigua and Barbuda,740,0.0032,0.003104
2021,Grenada,740,0.0388,0.037634
2021,Saint Lucia,740,7.311964,6.381717
2021,Guyana,740,0.085912,0.08333
2021,Suriname,740,0.0559,0.05422
2021,Kosovo,740,0.298469,0.2895
2021,Armenia,740,0.1366,0.132495
2021,Azerbaijan,740,0.1528,0.148209
2021,Kazakhstan,740,0.2229,0.216202
2021,Turkmenistan,740,0.0336,0.03259
2021,Malaysia,740,1.62464,1.575825
2021,States Ex-Yugoslavia unspecified,720,0.011826,0.010827
2021,South Africa,730,0.885,0.741192
2021,Namibia,730,0.775893,0.653244
2021,Botswana,730,0.00214,0.002076
2021,Albania,730,0.242035,0.226792
2021,Uzbekistan,730,0.803701,0.779553
2021,Lesotho,730,1.171248,1.136056
2021,Tunisia,730,1.150997,1.063434
2021,Mauritania,730,0,0
2021,Jamaica,730,0.01549,0.015025
2021,Tajikistan,730,0.116011,0.112525
2021,Gambia,730,0.159008,0.15423
2021,Djibouti,730,0.770711,0.747553
2021,Gabon,730,0.083627,0.081115
2021,Malaysia,730,0.002257,0.002189
2021,Azerbaijan,730,0.52147,0.505801
2021,Brazil,730,1.739102,1.686848
2021,Argentina,730,0.070869,0.06874
2021,Belize,720,0.347,0.336573
2021,Jamaica,720,0.052,0.050438
2021,Côte d'Ivoire,730,0.320598,0.310965
2021,Ghana,730,0.98222,0.831319
2021,Guinea,730,1.04704,1.01558
2021,Guinea-Bissau,730,0.91586,0.77043
2021,Democratic People's Republic of Korea,730,0,0
2021,Eswatini,730,0.28619,0.277591
2021,Zimbabwe,730,10.495864,10.180496
2021,"Middle Africa, regional",730,0.25396,0.212693
2021,Mauritius,730,1.174,0.983231
2021,"Oceania, regional",730,0.68175,0.570969
2021,Timor-Leste,730,3,2.512516
2021,Maldives,730,0.1365,0.114319
2021,Samoa,730,0.723,0.605516
2021,"Southern Africa, regional",730,1.182592,1.107198
2021,"Eastern Africa, regional",730,1.182592,1.107198
2021,"Central Asia, regional",730,1.182592,1.107198
2021,Dominica,730,2.889552,2.80273
2021,Saint Lucia,730,0,0
2021,Solomon Islands,730,0.176518,0.171214
2022,Ukraine,720,2584.136158,2584.136158
2022,Jordan,720,352.687522,352.687522
2022,Lebanon,720,512.479076000001,512.479076000001
2022,West Bank and Gaza Strip,720,731.186084,731.186084
2022,Syrian Arab Republic,720,6237.89244100001,6237.89244100001
2022,Türkiye,720,529.394031000001,529.394031000001
2022,Libya,730,5.297291,5.297291
2022,Pakistan,720,288.714895,288.714895
2022,Moldova,720,114.218293,114.218293
2022,Democratic Republic of the Congo,720,521.669733,521.669733
2022,Albania,720,0.592297,0.592297
2022,Lebanon,730,27.455091,27.455091
2022,Egypt,720,51.740178,51.740178
2022,"Middle East, regional",720,593.899213,593.899213
2022,Burundi,720,47.958792,47.958792
2022,Burundi,740,7.123119,7.123119
2022,"Bilateral, unspecified",740,293.606338,293.606338
2022,"Bilateral, unspecified",720,5071.740612,5071.740612
2022,"Bilateral, unspecified",730,22.030911,22.030911
2022,Afghanistan,720,2001.02177,2001.02177
2022,Afghanistan,730,61.288065,61.288065
2022,Afghanistan,740,19.19461,19.19461
2022,Armenia,720,5.064799,5.064799
2022,Angola,720,17.529468,17.529468
2022,Angola,730,0.105009,0.105009
2022,Bangladesh,740,215.993838,215.993838
2022,Bangladesh,720,403.279005,403.279005
2022,Burundi,730,0.520257,0.520257
2022,Burkina Faso,720,219.397314,219.397314
2022,Burkina Faso,730,6.562,6.562
2022,Benin,720,2.104167,2.104167
2022,Bolivia,730,1.404482,1.404482
2022,Bolivia,740,5.236313,5.236313
2022,Bolivia,720,1.633824,1.633824
2022,Cameroon,720,128.71475,128.71475
2022,Bhutan,740,5.849556,5.849556
2022,Democratic Republic of the Congo,730,19.369038,19.369038
2022,Central African Republic,720,251.018347,251.018347
2022,Central African Republic,740,11.309019,11.309019
2022,Central African Republic,730,5.069164,5.069164
2022,Congo,720,8.185741,8.185741
2022,Congo,730,0.764251,0.764251
2022,Côte d'Ivoire,730,1.247965,1.247965
2022,Côte d'Ivoire,720,17.76838,17.76838
2022,Cameroon,730,3.962058,3.962058
2022,Colombia,720,211.382985,211.382985
2022,Colombia,730,0.45464,0.45464
2022,Colombia,740,19.056439,19.056439
2022,Cuba,720,13.111241,13.111241
2022,Cuba,740,1.321461,1.321461
2022,Djibouti,720,16.280183,16.280183
2022,Djibouti,740,3.93532,3.93532
2022,Dominican Republic,740,1.4178,1.4178
2022,Dominican Republic,720,1.531618,1.531618
2022,Algeria,720,33.763445,33.763445
2022,Algeria,730,0.004706,0.004706
2022,Ecuador,720,48.218877,48.218877
2022,Ecuador,740,2.524071,2.524071
2022,Egypt,740,0.737087,0.737087
2022,Ethiopia,720,1444.616717,1444.616717
2022,Ethiopia,740,67.441982,67.441982
2022,Ghana,720,7.766698,7.766698
2022,Ghana,740,5.517575,5.517575
2022,Ghana,730,0.721401,0.721401
2022,Gambia,720,1.742425,1.742425
2022,Gambia,730,0.926697,0.926697
2022,Guinea,720,5.453741,5.453741
2022,Guinea,730,0.925103,0.925103
2022,Guinea,740,1.425536,1.425536
2022,Guatemala,720,22.44015,22.44015
2022,Guatemala,730,1.715278,1.715278
2022,Guatemala,740,3.468536,3.468536
2022,Guinea-Bissau,730,0.174871,0.174871
2022,Guinea-Bissau,720,2.137193,2.137193
2022,Honduras,720,37.319142,37.319142
2022,Honduras,730,7.716092,7.716092
2022,Honduras,740,6.003066,6.003066
2022,Haiti,720,135.724426,135.724426
2022,Haiti,730,2.412992,2.412992
2022,Kenya,720,233.263165,233.263165
2022,Haiti,740,15.978263,15.978263
2022,Indonesia,740,13.4338,13.4338
2022,Iraq,720,202.705943,202.705943
2022,Iraq,730,25.79675,25.79675
2022,Iraq,740,10.535464,10.535464
2022,Iran,720,22.176163,22.176163
2022,Jordan,740,1.751003,1.751003
2022,Jordan,730,2.597603,2.597603
2022,Kenya,730,2.08741,2.08741
2022,Kyrgyzstan,730,1.060017,1.060017
2022,Kyrgyzstan,740,17.722789,17.722789
2022,Cambodia,740,8.003613,8.003613
2022,Cambodia,720,4.110297,4.110297
2022,Democratic People's Republic of Korea,720,2.614275,2.614275
2022,Democratic People's Republic of Korea,730,0.570718,0.570718
2022,Lao People's Democratic Republic,730,0.916009,0.916009
2022,Lao People's Democratic Republic,740,6.554579,6.554579
2022,Lao People's Democratic Republic,720,1.236675,1.236675
2022,Sri Lanka,720,55.069353,55.069353
2022,Sri Lanka,730,3.630706,3.630706
2022,Sri Lanka,740,1.715717,1.715717
2022,Liberia,720,34.2115,34.2115
2022,Liberia,740,0.386269,0.386269
2022,Lesotho,720,2.36163,2.36163
2022,Lesotho,730,0.206783,0.206783
2022,Libya,720,65.166532,65.166532
2022,Madagascar,720,118.927432,118.927432
2022,Madagascar,730,0.368036,0.368036
2022,Mali,720,198.971242,198.971242
2022,Mali,740,1.955575,1.955575
2022,Mali,730,3.425978,3.425978
2022,Myanmar,720,218.539821,218.539821
2022,Myanmar,730,3.196442,3.196442
2022,Myanmar,740,2.374683,2.374683
2022,Mauritania,720,28.564646,28.564646
2022,Mauritania,740,1.20854,1.20854
2022,Mauritania,730,1.932702,1.932702
2022,Malawi,720,27.302383,27.302383
2022,Malawi,730,0.910753,0.910753
2022,Malawi,740,5.570151,5.570151
2022,Mozambique,740,76.530621,76.530621
2022,Mozambique,720,120.61037,120.61037
2022,Mozambique,730,4.655794,4.655794
2022,Namibia,740,1.68236,1.68236
2022,Namibia,720,0.542393,0.542393
2022,Niger,720,220.239849,220.239849
2022,Niger,730,19.703905,19.703905
2022,Niger,740,61.470154,61.470154
2022,Nigeria,720,463.743744,463.743744
2022,Nigeria,730,26.891227,26.891227
2022,Nicaragua,720,12.098984,12.098984
2022,Nicaragua,740,1.93963,1.93963
2022,Nepal,720,9.126246,9.126246
2022,Nepal,740,91.82379,91.82379
2022,Peru,720,49.142572,49.142572
2022,Peru,740,2.993375,2.993375
2022,Philippines,720,58.809453,58.809453
2022,Pakistan,730,25.654393,25.654393
2022,Philippines,740,4.803093,4.803093
2022,Pakistan,740,181.412221,181.412221
2022,West Bank and Gaza Strip,740,3.201937,3.201937
2022,Rwanda,720,38.058931,38.058931
2022,Rwanda,740,6.873882,6.873882
2022,Sudan,720,701.688422000001,701.688422000001
2022,Sudan,730,6.930481,6.930481
2022,Sudan,740,17.550738,17.550738
2022,Sierra Leone,720,2.862337,2.862337
2022,Sierra Leone,730,8.923935,8.923935
2022,Sierra Leone,740,14.157355,14.157355
2022,Senegal,740,35.365379,35.365379
2022,Senegal,720,6.804671,6.804671
2022,Somalia,720,770.729077,770.729077
2022,Somalia,730,18.149375,18.149375
2022,Somalia,740,30.004854,30.004854
2022,South Sudan,720,984.363577000001,984.363577000001
2022,South Sudan,730,5.200447,5.200447
2022,South Sudan,740,12.724175,12.724175
2022,Sao Tome and Principe,720,0.569652,0.569652
2022,El Salvador,740,1.697985,1.697985
2022,El Salvador,720,14.349887,14.349887
2022,El Salvador,730,0.939037,0.939037
2022,Syrian Arab Republic,730,46.616161,46.616161
2022,Eswatini,720,3.140458,3.140458
2022,Eswatini,730,0.234609,0.234609
2022,Chad,720,167.575011,167.575011
2022,Chad,740,2.643514,2.643514
2022,Chad,730,2.694916,2.694916
2022,Togo,720,1.14506,1.14506
2022,Togo,740,6.259121,6.259121
2022,Togo,730,0.225672,0.225672
2022,Tajikistan,730,0.390766,0.390766
2022,Tajikistan,720,3.092276,3.092276
2022,Timor-Leste,740,2.838359,2.838359
2022,Timor-Leste,720,4.034076,4.034076
2022,Türkiye,740,0.185104,0.185104
2022,Tanzania,720,47.279208,47.279208
2022,Tanzania,740,29.691255,29.691255
2022,Tanzania,730,0.518336,0.518336
2022,Uganda,720,227.657383,227.657383
2022,Uganda,730,4.224748,4.224748
2022,Panama,720,6.898803,6.898803
2022,Panama,740,1.988451,1.988451
2022,Thailand,740,0.924571,0.924571
2022,Thailand,720,32.556794,32.556794
2022,Yemen,720,1645.325132,1645.325132
2022,Yemen,730,21.015797,21.015797
2022,Zambia,720,11.959518,11.959518
2022,Zambia,740,39.582439,39.582439
2022,Zambia,730,0.124738,0.124738
2022,Zimbabwe,720,48.877245,48.877245
2022,Zimbabwe,730,5.503662,5.503662
2022,Zimbabwe,740,13.663046,13.663046
2022,Suriname,730,0.02,0.02
2022,"Central Asia, regional",720,2.186921,2.186921
2022,Nepal,730,25.164715,25.164715
2022,Madagascar,740,34.257323,34.257323
2022,"South of Sahara, regional",720,1423.996871,1423.996871
2022,Venezuela,720,174.011465,174.011465
2022,"Asia, regional",720,246.617831,246.617831
2022,"South America, regional",720,58.421027,58.421027
2022,Ukraine,730,140.814163,140.814163
2022,Bangladesh,730,8.407856,8.407856
2022,Bosnia and Herzegovina,730,0.354152,0.354152
2022,"Europe, regional",720,863.308704,863.308704
2022,Belize,720,1.925814,1.925814
2022,"Asia, regional",740,8.663348,8.663348
2022,"North of Sahara, regional",720,24.716862,24.716862
2022,"North of Sahara, regional",740,0,0
2022,"Africa, regional",720,134.477047,134.477047
2022,"Africa, regional",740,34.226578,34.226578
2022,"America, regional",720,465.984748,465.984748
2022,"America, regional",740,15.390313,15.390313
2022,Azerbaijan,720,5.628888,5.628888
2022,Bosnia and Herzegovina,720,6.516583,6.516583
2022,Brazil,720,27.030236,27.030236
2022,Belarus,720,4.745788,4.745788
2022,Georgia,720,1.582302,1.582302
2022,Indonesia,720,7.327623,7.327623
2022,India,720,12.144005,12.144005
2022,Kenya,740,33.436426,33.436426
2022,Kyrgyzstan,720,3.944795,3.944795
2022,Comoros,720,0.196138,0.196138
2022,China (People's Republic of),740,0.577073,0.577073
2022,Costa Rica,720,6.111494,6.111494
2022,Viet Nam,720,2.946818,2.946818
2022,South Africa,720,14.693557,14.693557
2022,Mexico,720,39.160937,39.160937
2022,Papua New Guinea,720,2.347805,2.347805
2022,Serbia,730,0.144764,0.144764
2022,Tunisia,720,10.045247,10.045247
2022,"South of Sahara, regional",730,6.957981,6.957981
2022,Bhutan,720,0.1894,0.1894
2022,Albania,740,0.785016,0.785016
2022,North Macedonia,720,2.952289,2.952289
2022,Mongolia,720,0.113547,0.113547
2022,"Southern Africa, regional",730,0.420654,0.420654
2022,"Eastern Africa, regional",730,0.420654,0.420654
2022,"Central Asia, regional",730,0.420654,0.420654
2022,Ethiopia,730,13.70047,13.70047
2022,Kosovo,720,0.502191,0.502191
2022,Montenegro,720,0.544435,0.544435
2022,"Europe, regional",740,4.030557,4.030557
2022,Nicaragua,730,1.706561,1.706561
2022,Dominican Republic,730,0.542228,0.542228
2022,Argentina,720,0.301925,0.301925
2022,"Eastern Africa, regional",720,164.479164,164.479164
2022,"Western Africa, regional",720,75.197793,75.197793
2022,Yemen,740,40.026741,40.026741
2022,"Southern Africa, regional",720,2.811246,2.811246
2022,Mongolia,730,0.234251,0.234251
2022,Eritrea,720,10.117536,10.117536
2022,"South & Central Asia, regional",720,197.60164,197.60164
2022,"Melanesia, regional",720,0.01855,0.01855
2022,"Middle Africa, regional",730,4.18598,4.18598
2022,"Middle East, regional",740,7.346755,7.346755
2022,Suriname,720,0.329334,0.329334
2022,Ukraine,740,108.289495,108.289495
2022,Tonga,720,17.290661,17.290661
2022,Democratic Republic of the Congo,740,30.111252,30.111252
2022,West Bank and Gaza Strip,730,41.038055,41.038055
2022,"Caribbean & Central America, regional",720,5.263059,5.263059
2022,"South of Sahara, regional",740,4.853653,4.853653
2022,Gambia,740,3.725957,3.725957
2022,Argentina,740,0.012539,0.012539
2022,China (People's Republic of),730,1.848608,1.848608
2022,Viet Nam,730,3.792751,3.792751
2022,Fiji,720,4.66854,4.66854
2022,Guyana,720,0.561301,0.561301
2022,"Far East Asia, regional",720,66.706758,66.706758
2022,Gabon,720,0.034659,0.034659
2022,Botswana,720,0.600564,0.600564
2022,Maldives,720,0.274549,0.274549
2022,Jamaica,720,0.075,0.075
2022,Equatorial Guinea,720,0.165406,0.165406
2022,Morocco,720,13.965369,13.965369
2022,"South Asia, regional",720,14.345867,14.345867
2022,China (People's Republic of),720,4.413583,4.413583
2022,Uzbekistan,720,0.984523,0.984523
2022,Paraguay,720,0.24322,0.24322
2022,Cabo Verde,720,0.815589,0.815589
2022,Turkmenistan,720,0.041743,0.041743
2022,Kazakhstan,720,0.12755,0.12755
2022,Serbia,720,4.198341,4.198341
2022,Malaysia,720,6.93481,6.93481
2022,Armenia,730,0.097349,0.097349
2022,Armenia,740,0.119232,0.119232
2022,Georgia,740,1.038465,1.038465
2022,Moldova,740,6.441183,6.441183
2022,Maldives,730,0,0
2022,Solomon Islands,740,5.900221,5.900221
2022,Tonga,740,17.714594,17.714594
2022,"Eastern Africa, regional",740,24.982995,24.982995
2022,Benin,740,23.511958,23.511958
2022,Tajikistan,740,8.895851,8.895851
2022,Saint Vincent and the Grenadines,740,10.863262,10.863262
2022,Nigeria,740,3.009157,3.009157
2022,Papua New Guinea,740,3.783775,3.783775
2022,Cameroon,740,6.761649,6.761649
2022,Kosovo,740,2.416383,2.416383
2022,Grenada,740,5.500721,5.500721
2022,Saint Lucia,740,8.873087,8.873087
2022,"Caribbean, regional",740,9.380798,9.380798
2022,Côte d'Ivoire,740,5.338935,5.338935
2022,Comoros,740,7.536743,7.536743
2022,Vanuatu,740,6.87116,6.87116
2022,Uganda,740,4.663183,4.663183
2022,Uzbekistan,740,1.348311,1.348311
2022,Samoa,740,10.59227,10.59227
2022,Mongolia,740,0.813362,0.813362
2022,Tuvalu,740,3.955773,3.955773
2022,Guinea-Bissau,740,4.310589,4.310589
2022,"Western Africa, regional",740,11.185597,11.185597
2022,Fiji,740,9.093014,9.093014
2022,Lesotho,740,1.906286,1.906286
2022,Cabo Verde,740,11.536376,11.536376
2022,Dominica,740,14.346371,14.346371
2022,Kiribati,740,1.913563,1.913563
2022,Micronesia,740,0.750628,0.750628
2022,Maldives,740,0.400903,0.400903
2022,Marshall Islands,740,2.389384,2.389384
2022,Sao Tome and Principe,740,7.798379,7.798379
2022,Guyana,740,0.824357,0.824357
2022,Congo,740,9.089106,9.089106
2022,Benin,730,1.717554,1.717554
2022,Saint Vincent and the Grenadines,730,0.001814,0.001814
2022,Saint Lucia,730,1.29877,1.29877
2022,Viet Nam,740,28.981607,28.981607
2022,India,740,33.904402,33.904402
2022,Solomon Islands,730,0.0183,0.0183
2022,"Oceania, regional",740,11.393299,11.393299
2022,Comoros,730,0.373158,0.373158
2022,Djibouti,730,0.413699,0.413699
2022,India,730,66.50792,66.50792
2022,Bhutan,730,0,0
2022,Burkina Faso,740,5.259071,5.259071
2022,Indonesia,730,37.146927,37.146927
2022,Georgia,730,6.576616,6.576616
2022,Cambodia,730,0,0
2022,Dominica,730,1.19471,1.19471
2022,Senegal,730,6.840163,6.840163
2022,Rwanda,730,2.454977,2.454977
2022,"South Asia, regional",740,4.536006,4.536006
2022,Philippines,730,3.457587,3.457587
2022,North Macedonia,740,0.936161,0.936161
2022,Bosnia and Herzegovina,740,0.645664,0.645664
2022,Montenegro,740,0.119975,0.119975
2022,Lebanon,740,1.519083,1.519083
2022,"Far East Asia, regional",740,2.497372,2.497372
2022,Solomon Islands,720,3.251235,3.251235
2022,"Oceania, regional",720,4.854964,4.854964
2022,Algeria,740,0.196063,0.196063
2022,South Africa,740,0.805137,0.805137
2022,Botswana,740,0.149615,0.149615
2022,Gabon,740,0.569097,0.569097
2022,Equatorial Guinea,740,0.217125,0.217125
2022,Syrian Arab Republic,740,1.236469,1.236469
2022,"Caribbean, regional",720,10.492163,10.492163
2022,Libya,740,0.387267,0.387267
2022,Morocco,740,0.089322,0.089322
2022,Tunisia,740,0.08198,0.08198
2022,Angola,740,1.809427,1.809427
2022,Mauritius,740,0.099235,0.099235
2022,Eritrea,740,0.586395,0.586395
2022,Eswatini,740,0.09789,0.09789
2022,Costa Rica,740,1.532497,1.532497
2022,Jamaica,740,4.659411,4.659411
2022,Mexico,740,0.465774,0.465774
2022,Brazil,740,0.020955,0.020955
2022,Paraguay,740,0.161702,0.161702
2022,Suriname,740,0.04384,0.04384
2022,Venezuela,740,0.695067,0.695067
2022,Iran,740,0.104827,0.104827
2022,Azerbaijan,740,0.18856,0.18856
2022,Kazakhstan,740,0.098871,0.098871
2022,Turkmenistan,740,0.01536,0.01536
2022,Serbia,740,0.967066,0.967066
2022,"Africa, regional",730,0.247993,0.247993
2022,Morocco,730,0.294807,0.294807
2022,Peru,730,0.305893,0.305893
2022,Ecuador,730,16.053662,16.053662
2022,Vanuatu,720,1.730668,1.730668
2022,Eritrea,730,1.429163,1.429163
2022,Azerbaijan,730,0.556669,0.556669
2022,Türkiye,730,1.34943,1.34943
2022,Moldova,730,2.103271,2.103271
2022,Tonga,730,0.009769,0.009769
2022,Sao Tome and Principe,730,0.1586,0.1586
2022,Liberia,730,1.850155,1.850155
2022,"Asia, regional",730,1.788379,1.788379
2022,"Oceania, regional",730,0.621151,0.621151
2022,"Middle East, regional",730,0.002849,0.002849
2022,Tuvalu,720,0.395498,0.395498
2022,Mexico,730,0.008357,0.008357
2022,Fiji,730,4.384334,4.384334
2022,Kiribati,720,1.86323,1.86323
2022,Marshall Islands,720,0.010404,0.010404
2022,Micronesia,720,2.880102,2.880102
2022,Palau,720,0.205048,0.205048
2022,Samoa,720,0.586266,0.586266
2022,Nauru,720,1.891267,1.891267
2022,Papua New Guinea,730,0.364128,0.364128
2022,Brazil,730,0.649358,0.649358
2022,Timor-Leste,730,0.01149,0.01149
2022,Equatorial Guinea,730,0.695342,0.695342
2022,Venezuela,730,0.756494,0.756494
2022,"America, regional",730,0.461721,0.461721
2022,Gabon,730,1.182316,1.182316
2022,Cuba,730,0.060597,0.060597
2022,Niue,740,0.02866,0.02866
2022,Tokelau,740,0.055282,0.055282
2022,Kazakhstan,730,0.297697,0.297697
2022,Belarus,740,0.018141,0.018141
2022,Belize,730,0.211444,0.211444
2022,"Central Asia, regional",740,2.841467,2.841467
2022,"Central America, regional",720,31.943921,31.943921
2022,"South America, regional",740,2.288454,2.288454
2022,"Southern Africa, regional",740,0.767277,0.767277
2022,Mauritius,720,0.053561,0.053561
2022,"Middle Africa, regional",720,0,0
2022,Kosovo,730,0.139331,0.139331
2022,Saint Vincent and the Grenadines,720,3.369832,3.369832
2022,"Far East Asia, regional",730,0.053476,0.053476
2022,"Central America, regional",740,2.714032,2.714032
2022,Palau,740,0.226041,0.226041
2022,Dominica,720,0.003579,0.003579
2022,Tuvalu,730,0.04,0.04
2022,Democratic People's Republic of Korea,740,0.112242,0.112242
2022,Vanuatu,730,0.176889,0.176889
2022,"Europe, regional",730,5.361887,5.361887
2022,Grenada,720,0.003579,0.003579
2022,Saint Lucia,720,0.003579,0.003579
2022,Belize,740,0.030699,0.030699
2022,"Caribbean, regional",730,0.092187,0.092187
2022,Costa Rica,730,0.339943,0.339943
2022,States Ex-Yugoslavia unspecified,740,0.027075,0.027075
2022,Argentina,730,0.2,0.2
2022,Malaysia,740,0.00669,0.00669
2022,Tunisia,730,0.032635,0.032635
2022,Egypt,730,0.002408,0.002408
2022,"South & Central Asia, regional",740,0.630565,0.630565
